id,domain,status,purchase_price,renewal_price,attractiveness,demand,length,registrar,created_at,expires_at,status_verified_at
4b9f1ec1-3b5f-477e-9b40-7eab31152463,majorities.tips,available,15,,low,low,10,unstoppable,,,29/09/2026 05:40
eee9a9de-c8b7-4b19-87a6-6f50c7f487f3,regrets.tips,available,15,,medium,low,7,unstoppable,,,28/09/2026 15:15
fb460231-6379-47e5-a964-13702d29d99f,forts.tips,available,11.59,25.04,medium,low,5,spaceship,,,02/10/2026 12:53
186947d8-cad1-4271-a984-340f82809b2b,brighter.tips,available,12.98,42.48,high,low,8,namecheap,,,29/09/2026 10:57
3262f033-6ea8-4d95-9b62-fed3bd3cd24c,supermarkets.tips,available,8.24,25.23,medium,low,12,porkbun,,,02/10/2026 03:57
696816fb-8138-41b2-826a-33cf79089c36,barm.tips,available,12.98,42.48,medium,low,4,namecheap,,,22/09/2026 06:34
22684c89-7264-49b7-be6c-9ef6714b0d04,montclair.tips,available,15.99,30.99,medium,low,9,namesilo,,,29/09/2026 04:37
a76d4839-9dcd-42f5-b512-39e4d9e0b5f6,agromania.tips,available,12.98,42.48,medium,low,9,namecheap,,,17/09/2026 19:38
c03ff908-7cc6-4769-b467-c4f5275a90bf,carlo.tips,available,15.99,30.99,medium,low,5,namesilo,,,28/09/2026 08:41
8245334a-5f6f-4ffd-87c1-5f57b9c2077a,truk.tips,available,15,,medium,low,4,unstoppable,,,02/10/2026 18:58
4cf1c05b-0391-4b60-9cde-ff3c83613bac,celtic.tips,available,12.98,42.48,high,low,6,namecheap,,,11/08/2026 23:38
ba627854-1afb-4894-a3d1-ad7f38af9f70,converge.tips,available,8.24,25.23,high,low,8,porkbun,,,30/09/2026 17:59
223c664d-6115-466f-9eec-8a8c6d102706,curfew.tips,available,12.98,42.48,medium,low,6,namecheap,,,24/09/2026 20:27
4cd0ff3a-fbb5-4d2f-915a-445e84c3cf36,toady.tips,available,15.99,30.99,medium,low,5,namesilo,,,20/09/2026 15:35
538f4919-6727-49eb-aeb7-4dee5eb8cbaa,mahmoud.tips,available,15.99,30.99,medium,low,7,namesilo,,,29/09/2026 04:11
cd6a295b-dced-4516-a573-8cc87b7aef64,concentrate.tips,available,15.99,30.99,high,low,11,namesilo,,,26/09/2026 00:53
81ca8cca-2636-4e93-8800-b596d278c6cb,ambler.tips,available,15.99,30.99,medium,low,6,namesilo,,,18/09/2026 17:07
fb4799e5-61f5-4d96-a8c1-25158dd9642f,amino.tips,available,12.98,42.48,high,low,5,namecheap,,,
9b4f0691-419a-4a1d-99ad-f962f41fac20,biota.tips,available,12.98,42.48,high,low,5,namecheap,,,23/09/2026 19:05
7465e9f4-f6e4-40bc-ae21-42c8824bc759,judea.tips,available,15,,medium,low,5,unstoppable,,,29/09/2026 07:23
193c5684-b7b6-4dfa-add1-c408605ea90a,turkic.tips,available,12.98,42.48,medium,low,6,namecheap,,,11/09/2026 21:14
f186e557-029c-4e9a-867a-6999fcdd6316,advection.tips,available,15.99,30.99,medium,low,9,namesilo,,,17/09/2026 10:31
695efacc-48ef-4c00-8ff4-0e64a4f6ad4a,humanities.tips,available,11.59,25.04,high,low,10,spaceship,,,28/09/2026 22:20
2def603d-9e43-4e25-ae6c-c8293c82e4b9,herring.tips,available,8.24,25.23,high,low,7,porkbun,,,30/09/2026 01:03
f2656f9a-421d-416e-a163-88a01a419e67,fabius.tips,available,11.59,25.04,medium,low,6,spaceship,,,02/10/2026 09:27
eb460536-a4a2-4f01-a744-0b5a7cef0bde,locomotive.tips,available,12.98,42.48,high,low,10,namecheap,,,24/08/2026 08:48
6e2147d9-1802-4a5a-a8f6-48ba4735055b,stringent.tips,available,12.98,42.48,medium,low,9,namecheap,,,10/09/2026 22:40
425c4888-86dd-4f8b-af12-8b33399f5d49,fellowman.tips,available,15,30.99,medium,low,10,unstoppable,,,02/10/2026 20:59
0aa0012e-92c5-4344-81a9-f34e948784ec,validated.tips,available,12.98,42.48,high,low,9,namecheap,,,13/09/2026 00:59
c4ded79f-2754-4d1e-8154-19591f21ff98,persistent.tips,available,12.98,42.48,high,low,10,namecheap,,,14/08/2026 14:58
fcb7661b-b1bd-4933-9b1b-f46667c90151,harkness.tips,available,24.2,24.2,medium,low,8,cloudflare,,,30/09/2026 05:36
c5a31453-aa51-40fa-883a-b73ee35b1ce4,chest.tips,available,12.98,42.48,high,low,5,namecheap,,,24/09/2026 10:14
dc777c58-1783-4a86-8c29-3c8cb302c75f,federalist.tips,available,24.2,24.2,medium,low,10,cloudflare,,,28/09/2026 19:11
396984a3-f1f8-4566-bb66-f5a06c526500,robbins.tips,available,24.2,24.2,medium,low,7,cloudflare,,,29/09/2026 01:23
418c677a-693e-419c-8241-2080a4e4017b,cultivators.tips,available,11.59,25.04,medium,low,11,spaceship,,,30/09/2026 00:43
a8082b66-a1b4-490e-847c-99eea3ee3e69,broadwise.tips,available,12.98,42.48,medium,low,9,namecheap,,,14/09/2026 01:26
4fec1f39-39a2-4758-ada8-8d06fcfa0ae3,inflammatory.tips,available,24.2,24.2,medium,low,12,cloudflare,,,29/09/2026 21:18
66373dc2-2dce-431e-9eb4-758650e77021,sumbody.tips,available,15.99,30.99,low,low,7,namesilo,,,02/10/2026 04:44
ea462ba2-cd19-400c-b464-125a7f10fa5f,parhelic.tips,available,12.98,42.48,medium,low,8,namecheap,,,08/09/2026 01:31
d035b3c3-a918-4212-a3f0-270a251dea33,phases.tips,available,15.99,30.99,medium,low,6,namesilo,,,18/09/2026 14:38
931807a6-bf0e-486a-ab56-4fa1faea4fdd,corbett.tips,available,15.99,30.99,high,low,7,namesilo,,,27/09/2026 03:35
478f15ed-ac41-4918-9045-08f8463d9778,movement.tips,available,15.99,30.99,high,low,8,namesilo,,,28/09/2026 21:51
63393145-786d-4e8e-8671-db416b38df41,colorado.tips,available,12.98,42.48,high,low,8,namecheap,,,24/09/2026 13:30
790dbadb-100a-4866-ab25-ccb92f3505f7,firmament.tips,available,12.98,42.48,high,low,9,namecheap,,,16/08/2026 20:58
1a7fdc2f-1bb9-4c5d-87ac-d304710c6085,farsighted.tips,available,12.98,42.48,medium,low,10,namecheap,,,17/08/2026 22:41
804f95e2-2b55-4eaa-bb67-5aa8b59de6fa,unparalleled.tips,available,11.59,25.04,high,low,12,spaceship,,,02/10/2026 07:22
9cc6d9be-6d1f-4cb8-9ccf-07f19bbf16c1,viscous.tips,available,12.98,42.48,high,low,7,namecheap,,,20/08/2026 15:25
1a540d93-e3c5-480c-bf09-f4d0f53a836c,slew.tips,available,12.98,42.48,high,low,4,namecheap,,,25/08/2026 00:42
510ddbc0-416d-42ec-91d7-afff1c130b56,kurds.tips,available,24.2,24.2,medium,low,5,cloudflare,,,28/09/2026 05:10
a46f92f2-833e-457d-acc2-41a4efde6926,tenting.tips,available,15.99,30.99,high,low,7,namesilo,,,23/09/2026 23:16
e5d4fdec-69e5-4c4f-adb6-fe95c2a1a4ef,franklin.tips,available,15.99,30.99,high,low,8,namesilo,,,23/09/2026 08:17
7925fc0c-48fd-461e-85da-f186e80b8187,spiffy.tips,available,14.99,39.99,high,low,6,name.com,,,13/08/2026 17:36
cfd8fa65-08c8-4e2b-8299-99c30bf5b234,agreed.tips,available,15.99,30.99,high,low,6,namesilo,,,21/09/2026 23:21
d5687420-dac8-4aac-8d4c-84ba6765476d,domesticated.tips,available,15,,high,low,12,unstoppable,,,30/09/2026 19:43
0d30511d-29ce-4f6f-97ee-90a129be8c96,sequester.tips,available,12.98,42.48,medium,low,9,namecheap,,,12/08/2026 21:06
88fbb35b-b143-4863-87df-d7cdd94e0387,liberator.tips,available,24.2,24.2,medium,low,9,cloudflare,,,02/10/2026 15:57
02a819bc-f722-4ee1-952c-a506a7f32f00,vent.tips,available,11.59,25.04,high,low,4,spaceship,,,30/09/2026 14:25
d24276d0-afe5-4501-95ce-ad7913ba7a74,pentagon.tips,available,11.59,25.04,high,low,8,spaceship,,,28/09/2026 06:34
52c9653c-b0cd-443b-9b72-6934f257152d,snug.tips,available,12.98,42.48,high,low,4,namecheap,,,12/08/2026 12:11
9ec1dcab-2608-415f-858c-a142ed8ee025,letitia.tips,available,11.59,25.04,medium,low,7,spaceship,,,02/10/2026 00:22
069403bb-c8c0-4dee-ba98-75a1e7214ac4,achieved.tips,available,8.24,25.9,high,low,8,dynadot,,,28/09/2026 12:45
e5f491fc-33ed-406e-95d6-98a2a94f7c31,ended.tips,available,12.98,42.48,high,low,5,namecheap,,,
8201244b-1719-4721-8a1b-5ca22dd50daf,trays.tips,available,11.59,25.04,medium,low,5,spaceship,,,02/10/2026 23:02
bb658d8e-fe76-4b6e-8459-5099d3214cdb,heroin.tips,available,15.99,30.99,medium,low,6,namesilo,,,24/09/2026 22:03
bb64acb3-aa4b-4965-9cca-04b716af6e78,anacardium.tips,available,15.99,30.99,medium,low,10,namesilo,,,19/09/2026 00:59
1e2f2509-0359-4027-8365-b0260b6d9593,details.tips,available,11.59,25.04,high,low,7,spaceship,,,29/09/2026 14:12
7fe60d7f-4758-4e60-bc3d-2a00f542877c,constructive.tips,available,11.59,25.04,high,low,12,spaceship,,,01/10/2026 21:42
fd047111-6fa2-479d-8bcc-37921a5d2263,straight.tips,available,12.98,42.48,high,low,8,namecheap,,,14/08/2026 08:46
77a31143-b240-4b1f-8eff-8b469a0ec67f,gaylord.tips,available,15.99,30.99,high,low,7,namesilo,,,29/09/2026 03:38
63b23f4c-2853-4222-acde-5b50589add2b,sank.tips,available,11.59,25.04,medium,low,4,spaceship,,,29/09/2026 16:38
f8dcf895-93c9-4a70-b64b-40f975b854ba,braggart.tips,available,12.98,42.48,medium,low,8,namecheap,,,11/08/2026 01:16
5e40f938-faaa-469a-a4b7-713badf3ea71,endogamous.tips,available,12.98,42.48,medium,low,10,namecheap,,,17/08/2026 01:10
800372d8-bfbf-4e70-9b9a-85a1b1b2f41e,jinxed.tips,available,12.98,42.48,medium,low,6,namecheap,,,21/08/2026 07:53
3d26f80f-eb9a-4025-aec9-6aa1c665e5ea,bivouac.tips,available,12.98,42.48,medium,low,7,namecheap,,,11/08/2026 15:54
e9a20b7b-4f94-4825-b432-18b20cdc0d97,messages.tips,available,14.99,39.99,high,low,8,name.com,,,18/09/2026 22:11
3b1dbd18-b879-481a-aa88-5c6c34a2b839,debased.tips,available,12.98,42.48,medium,low,7,namecheap,,,
cde2a8ac-cb49-4408-a3fc-0901155049d8,hezbollah.tips,available,11.59,25.04,medium,low,9,spaceship,,,29/09/2026 07:16
c229c2f7-b89d-4659-bde7-ad0e5e455acd,soon.tips,available,15.99,30.99,high,low,4,namesilo,,,28/09/2026 13:25
aa0a8292-0d3e-4333-a5eb-e766d77630b2,sublunary.tips,available,12.98,42.48,medium,low,9,namecheap,,,12/08/2026 08:28
7b64de4d-ef04-4c3e-a656-1ae82ff2efff,pole.tips,available,15.99,30.99,high,low,4,namesilo,,,24/09/2026 13:25
80c02bb1-e596-4daa-9281-ed8957971808,bologna.tips,available,11.59,25.04,high,low,7,spaceship,,,30/09/2026 16:29
e8424d35-8221-47f8-9a66-fa3b1b3016be,narragansett.tips,available,24.2,24.2,medium,low,12,cloudflare,,,29/09/2026 15:38
52cafa14-3d03-459e-9a78-ecba671b649e,blueprints.tips,available,15.99,30.99,high,low,10,namesilo,,,02/10/2026 02:59
ee5abdac-2fe3-4cac-86ad-579e219da7f4,riverdale.tips,available,12.98,42.48,high,low,9,namecheap,,,30/09/2026 05:42
7e70c773-c2ae-4ee2-83e7-13539fe9c88a,cocksure.tips,available,12.98,42.48,medium,low,8,namecheap,,,12/08/2026 15:00
91eb31db-796d-4f36-bd82-a480b9bcae04,northerner.tips,available,12.98,42.48,medium,low,10,namecheap,,,13/09/2026 14:16
efd0ff79-7651-449e-9792-6ae10dbe2cbd,coupling.tips,available,24.2,24.2,high,low,8,cloudflare,,,30/09/2026 16:49
7dfc2720-2f1e-41bb-b1a1-3411ea97dd39,quickly.tips,available,12.98,42.48,high,low,7,namecheap,,,27/09/2026 09:22
6c64a536-dc6a-4540-9c15-b6ec5fb5f9d2,maj.tips,available,12.98,42.48,high,low,3,namecheap,,,27/09/2026 02:37
9b97bcda-85e7-444d-a102-1062b63f97f4,thighs.tips,available,11.59,25.04,medium,low,6,spaceship,,,30/09/2026 06:23
bba84951-5e4f-4840-bd4e-690480a154ed,boethius.tips,available,15.99,30.99,medium,low,8,namesilo,,,19/09/2026 08:26
436e3c50-363e-4782-8468-d32e69eb1660,modification.tips,available,15.99,30.99,high,low,12,namesilo,,,29/09/2026 22:49
444baf53-3f70-44ee-a6b1-355d2e849474,killer.tips,available,15.99,30.99,high,low,6,namesilo,,,24/09/2026 13:14
6e6bd75a-3b43-410d-b3c4-9580a0348399,stalks.tips,available,11.59,25.04,low,low,6,spaceship,,,01/10/2026 15:27
3a092ec0-7c06-4867-85f9-fa2d2afd7ef7,schizophrenic.tips,available,15.99,30.99,medium,low,13,namesilo,,,30/09/2026 12:09
c87dde65-8d7a-45b2-988f-980aac885aea,limbic.tips,available,12.98,42.48,medium,low,6,namecheap,,,23/08/2026 11:49
498bb3e0-436e-42e9-a22c-0726e656a0f1,elsewhere.tips,available,11.59,25.04,high,low,9,spaceship,,,28/09/2026 14:40
a08b10da-cc8f-47a8-a7cf-5e5ceb010ba6,anthropoid.tips,available,12.98,42.48,medium,low,10,namecheap,,,
595a6bb2-3410-4273-a134-21ca23c01d4d,salisbury.tips,available,15.99,30.99,high,low,9,namesilo,,,24/09/2026 12:37
43641561-98ff-42bc-a1c6-b8a9af58e2c7,paced.tips,available,15.99,30.99,medium,low,5,namesilo,,,18/09/2026 10:44
7fbd6fc1-6eb5-4ed5-8f63-b609adcd93f6,reached.tips,available,12.98,42.48,medium,low,7,namecheap,,,17/09/2026 19:16
e220adde-839a-48d1-aabe-35eac1047422,dubious.tips,available,12.98,42.48,medium,low,7,namecheap,,,14/08/2026 16:57
e96a11d0-5ae1-4123-936b-043eb9d8aa55,amaranth.tips,available,15.99,30.99,medium,low,8,namesilo,,,18/09/2026 15:50
4aa8e557-0ffb-44b3-9474-5c3e30b4d54d,circinate.tips,available,12.98,42.48,high,low,9,namecheap,,,
9d88293f-3d4d-4912-8df9-aa88ad5589fe,roscommon.tips,available,8.24,25.9,medium,low,9,dynadot,,,01/10/2026 12:14
ef3c851d-b522-4a52-8cd7-970070252ab5,guile.tips,available,12.98,42.48,medium,low,5,namecheap,,,13/08/2026 10:41
d439efbc-f464-45d9-81ee-8a50f148806a,outmoded.tips,available,12.98,42.48,medium,low,8,namecheap,,,14/08/2026 01:15
2335f13e-8421-48f1-9a87-d2b7ac44aaff,dotty.tips,available,12.98,42.48,medium,low,5,namecheap,,,06/08/2026 20:55
0562104d-e108-4581-9fa5-353876a83bbb,professionals.tips,available,15.99,30.99,high,low,13,namesilo,,,28/09/2026 12:40
ba9ca795-c460-4828-acf3-dfef9c3b928e,renting.tips,available,8.24,25.9,high,low,7,dynadot,,,29/09/2026 13:46
ca68fd35-47bc-42c6-b4d3-f774f58ab92a,graceless.tips,available,12.98,42.48,medium,low,9,namecheap,,,18/08/2026 20:43
c890a399-1884-447d-9983-0a4e73334510,mamluk.tips,available,8.24,25.23,medium,low,6,porkbun,,,01/10/2026 06:56
f89d5b2e-0909-49bf-a035-08be0fff72de,bowl.tips,available,15.99,30.99,high,low,4,namesilo,,,24/09/2026 07:38
c770a576-8586-4d05-9e24-a57623425b50,cello.tips,available,8.24,25.9,high,low,5,dynadot,,,30/09/2026 01:01
889ef48f-fd42-40e4-8f5f-ff913adf7bc4,miley.tips,available,15,,medium,low,5,unstoppable,,,01/10/2026 10:18
8da3892f-f32a-40e1-933c-59520adb4a51,paints.tips,available,15.99,30.99,medium,low,6,namesilo,,,29/09/2026 05:51
a60243bd-45c7-419c-9498-ae6d3045583e,bump.tips,available,24.2,24.2,high,low,4,cloudflare,,,29/09/2026 05:15
f9463faf-952c-4731-84ea-e3b82a71ef91,arterial.tips,available,12.98,42.48,high,low,8,namecheap,,,06/08/2026 22:29
be00fe5b-0283-4c26-b145-b918f2db77f7,thin.tips,available,12.98,42.48,high,low,4,namecheap,,,14/08/2026 07:47
4499a3e1-f292-4bb5-a713-b001f28e2ff6,blowy.tips,available,12.98,42.48,medium,low,5,namecheap,,,10/08/2026 15:47
ea27625f-bff6-4aab-8501-011ac9b3f455,susquehanna.tips,available,15.99,30.99,medium,low,11,namesilo,,,27/09/2026 01:59
65368ce0-8921-44e0-840a-bda8626c22da,ranking.tips,resell,,,high,low,7,united-domains GmbH,26/02/2014 16:00,26/02/2027 16:00,27/09/2026 09:40
7dd5ea8a-fd4f-4f7d-9d93-2370c1c49ed6,brainsick.tips,available,12.98,42.48,low,low,9,namecheap,,,11/08/2026 01:45
0e59e5a2-8612-4eda-953b-bc5fcf9b037e,malign.tips,available,12.98,42.48,medium,low,6,namecheap,,,24/08/2026 13:54
76b2001e-5655-4c74-912e-744e71dd3f9a,valparaiso.tips,available,11.59,25.04,medium,low,10,spaceship,,,29/09/2026 02:28
be8a563e-6cd0-4ff9-824c-d65b32e2ed6e,vicarious.tips,available,12.98,42.48,medium,low,9,namecheap,,,13/09/2026 05:15
1e8d9199-a5ba-4d5a-8061-3574ef97d1f4,erasable.tips,available,12.98,42.48,medium,low,8,namecheap,,,15/08/2026 14:16
2c4e3977-b8a0-4dab-b8cb-ae0e65ceae09,revelation.tips,available,15.99,30.99,high,low,10,namesilo,,,27/09/2026 13:50
2410a97d-57d7-4fb5-9e5f-e0fd3fad6fea,turkeys.tips,available,11.59,25.04,medium,low,7,spaceship,,,02/10/2026 12:41
87630f5b-2383-4245-84b9-c5034fa7c4fd,cls.tips,available,11.59,25.04,high,low,3,spaceship,,,30/09/2026 21:33
d24f791a-0a9e-4c87-a309-acf432d7046d,dst.tips,available,15,,high,low,3,unstoppable,,,02/10/2026 19:02
797d9761-b17b-47bc-aa9e-1cc0efb8d0ea,shamanism.tips,available,12.98,42.48,medium,low,9,namecheap,,,20/09/2026 14:05
90200a04-9991-43e6-849c-5fc08f41ac40,wall.tips,available,11.59,25.04,high,low,4,spaceship,,,02/10/2026 12:49
0698e492-f53d-4d04-9627-b4ba3e9fedf5,hardbound.tips,available,12.98,42.48,medium,low,9,namecheap,,,21/08/2026 00:42
e60110d8-e5c4-41ea-8542-1ea745ad50a6,swelled.tips,available,12.98,42.48,medium,low,7,namecheap,,,11/09/2026 05:38
d395f5d2-d997-408e-9dd0-32d97b834c70,cloning.tips,available,15.99,30.99,high,low,7,namesilo,,,24/09/2026 15:52
e2cf7db8-904b-4c32-9da9-cf5429cddd02,antoinette.tips,available,11.59,25.04,high,low,10,spaceship,,,01/10/2026 08:30
7bfd7e6d-7e1e-4845-9750-d09949dc65c7,grub.tips,available,12.98,42.48,high,low,4,namecheap,,,11/08/2026 09:30
665348e8-1b55-406f-90ca-30be97a85441,annie.tips,available,12.98,42.48,medium,low,5,namecheap,,,25/09/2026 18:17
64fbbae8-4b51-4eda-88f4-2af0dced9453,prosily.tips,available,12.98,42.48,low,low,7,namecheap,,,15/09/2026 21:46
09b751f2-7b5a-4537-b856-ef67a2f18398,meredith.tips,available,12.98,42.48,high,low,8,namecheap,,,25/09/2026 06:29
dcddf9fe-cf9f-4400-b064-5e7822a7e98f,agronomist.tips,available,12.98,42.48,medium,low,10,namecheap,,,17/09/2026 19:41
8b8e833b-00ca-483e-9c37-c343d01ad62a,vanishing.tips,available,24.2,24.2,medium,low,9,cloudflare,,,29/09/2026 20:33
8f9b5a6c-ea7b-47cf-a7a9-817863a14a05,arnhem.tips,available,15.99,30.99,medium,low,6,namesilo,,,20/09/2026 08:09
a029110b-ffab-4ed3-a4f2-a9cb508ac1d2,sarah.tips,available,12.98,42.48,high,low,5,namecheap,,,25/09/2026 10:34
1e66355e-980d-468b-b434-7206c28b5e8d,andantino.tips,available,12.98,42.48,medium,low,9,namecheap,,,
c193a9ca-6c34-4e90-bf40-1fa3ad0ed9b0,chopped.tips,available,12.98,42.48,high,low,7,namecheap,,,12/08/2026 06:57
e8ea7851-9e09-47ea-b987-b25058926cb6,jenner.tips,available,15.99,30.99,medium,low,6,namesilo,,,29/09/2026 00:45
ba28c0cf-5855-4622-844d-926b22d8ecaf,beaded.tips,available,12.98,42.48,medium,low,6,namecheap,,,09/08/2026 03:18
1e378571-f3d2-4f68-882b-94a1c5e33105,innings.tips,available,15,,high,low,7,unstoppable,,,02/10/2026 05:24
9bcf0b4b-fac0-45d6-9a18-fa50bcecea7b,authority.tips,available,15.99,30.99,high,low,9,namesilo,,,17/09/2026 17:02
3b4392df-61ff-4c30-bb85-b1011e6611a9,fad.tips,available,12.98,42.48,high,low,3,namecheap,,,24/09/2026 19:13
313e120f-734b-428b-be40-a5d32c2ecffa,nattily.tips,available,12.98,42.48,medium,low,7,namecheap,,,15/09/2026 16:12
63d4c62d-3a2e-4c7e-9947-de93d0fb1bfc,donald.tips,available,12.98,42.48,high,low,6,namecheap,,,25/09/2026 18:48
e19b6e8b-961d-4db7-b495-b0afd55820e8,cumulous.tips,available,12.98,42.48,medium,low,8,namecheap,,,13/08/2026 10:30
79df6752-e848-489e-ad46-3898d9934bc0,fawn.tips,available,15.99,30.99,high,low,4,namesilo,,,02/10/2026 15:10
e50800a9-a692-4561-8dff-c5bfe642f06e,chamberlain.tips,available,11.59,25.04,medium,low,11,spaceship,,,01/10/2026 22:56
edea6f12-78f7-4bcd-a45b-8098f004f621,lra.tips,available,15.99,30.99,high,low,3,namesilo,,,02/10/2026 07:11
86804287-3120-4ca4-b397-61b5a783ba18,germicidal.tips,available,12.98,42.48,medium,low,10,namecheap,,,08/08/2026 07:07
05186a9c-93cb-4d05-b1d1-16276aea5f32,tomato.tips,resell,,,high,low,6,"GoDaddy.com, LLC",24/03/2014 19:29,24/03/2027 19:29,30/09/2026 03:31
2581b52c-0888-46d5-a246-704f4d1459dc,intensify.tips,available,12.98,42.48,high,low,9,namecheap,,,12/08/2026 19:29
c9a5aa5a-6cc3-4eca-97c2-6724d21c5713,lars.tips,available,8.24,25.23,high,low,4,porkbun,,,29/09/2026 09:31
53e85008-4b2a-453e-a846-04bcf8473f94,staid.tips,available,12.98,42.48,medium,low,5,namecheap,,,10/09/2026 01:34
c7819568-ff6f-43f3-a403-6da8818bb1a0,fungoid.tips,available,12.98,42.48,medium,low,7,namecheap,,,18/08/2026 18:37
239eb354-ae0a-42c3-8765-22f7648210db,focal.tips,available,12.98,42.48,high,low,5,namecheap,,,18/08/2026 09:44
5973fea8-082e-4bf9-b161-52da587cd3d8,tickle.tips,available,12.98,42.48,high,low,6,namecheap,,,11/09/2026 15:31
ecab96a8-98b1-4c6d-9671-f2e9d87c4667,unlike.tips,available,15,,high,low,6,unstoppable,,,28/09/2026 09:47
3567045e-82de-4d72-9738-e0515978def0,early.tips,available,15.99,30.99,high,low,5,namesilo,,,24/09/2026 12:57
ca94197b-cd48-43df-8619-a87af8dd0ba1,teresa.tips,available,12.98,42.48,high,low,6,namecheap,,,17/09/2026 18:40
1759eaf3-5653-44e7-9077-e0e5eae702ca,detonate.tips,available,11.59,25.04,high,low,8,spaceship,,,02/10/2026 17:15
d1be4e27-b602-45d5-ba5b-05afb0b59fd4,stored.tips,available,24.2,24.2,low,low,6,cloudflare,,,28/09/2026 17:31
a52df324-3476-4930-ad40-6d05b54e762b,sibilant.tips,available,12.98,42.48,medium,low,8,namecheap,,,12/08/2026 23:18
770988a8-8957-4e33-ac60-fc279f8d221b,takahashi.tips,available,15.99,30.99,medium,low,9,namesilo,,,28/09/2026 16:36
8abc4f0a-dbc4-4fcb-93d1-54535b813776,fluorescent.tips,available,8.24,25.9,high,low,11,dynadot,,,30/09/2026 19:26
ce8e65d7-3fec-4d5b-960a-93dab582a28d,leech.tips,available,15.99,30.99,medium,low,5,namesilo,,,24/09/2026 06:16
bf8fad07-c3b1-402d-b4d7-3f105725b818,hypothesis.tips,available,15.99,30.99,high,low,10,namesilo,,,03/10/2026 05:29
bc45f9b1-dd08-4c07-ad9e-e585ac8f90c6,foggy.tips,available,12.98,42.48,medium,low,5,namecheap,,,10/08/2026 16:21
812bece2-63d0-4bed-b977-27d228156050,aro.tips,available,15.99,30.99,high,low,3,namesilo,,,30/09/2026 03:42
a8e5f7b8-99dc-47a7-b19a-fe7ee6693e05,factory.tips,available,12.98,42.48,high,low,7,namecheap,,,25/09/2026 22:41
7c5f0ca4-2dad-4a4b-9bf4-05a85d071e8b,everlasting.tips,available,11.59,25.04,high,low,11,spaceship,,,29/09/2026 08:43
3f675382-3b2c-4d53-b987-744cadc6a992,ajaia.tips,available,15.99,30.99,medium,low,5,namesilo,,,17/09/2026 23:39
eb199057-97db-4036-8952-ad27bbd06ec5,salar.tips,available,11.59,25.04,high,low,5,spaceship,,,02/10/2026 19:12
e29136c7-4fbb-4400-9912-9a4810268cd5,mack.tips,available,21.99,53.99,high,low,4,godaddy,,,28/09/2026 02:18
3de2c9a6-cf9d-4a30-a9cf-05af6259e544,longroot.tips,available,15.99,30.99,medium,low,8,namesilo,,,20/09/2026 03:40
30045861-c05f-4d79-a9cb-eac69f2c7e93,mysterious.tips,available,15.99,30.99,high,low,10,namesilo,,,24/09/2026 03:42
c3667a95-ff4b-4cba-b200-460e18726e05,vulpine.tips,available,12.98,42.48,medium,low,7,namecheap,,,13/09/2026 07:26
9b3ea63f-1637-4e76-a76a-56dc27932739,dextrous.tips,available,12.98,42.48,medium,low,8,namecheap,,,13/08/2026 23:53
07ec4b58-7107-40ca-b3eb-17544058ea73,thrashing.tips,available,12.98,42.48,medium,low,9,namecheap,,,13/09/2026 07:54
8a6d1349-af72-4d47-9ad0-39038c1c90ea,aug.tips,available,12.98,42.48,high,low,3,namecheap,,,07/08/2026 17:10
314d5474-e53b-470a-95af-ca07337df974,extinct.tips,available,12.98,42.48,high,low,7,namecheap,,,17/08/2026 19:11
9813e9a5-1059-447b-9d0b-50966a362c18,stimulant.tips,available,12.98,42.48,high,low,9,namecheap,,,17/08/2026 16:30
7d97769a-6ab1-46b0-937c-6cf932005836,workings.tips,available,15,,high,low,8,unstoppable,,,28/09/2026 10:48
0c39d38e-57b9-42ea-922a-2d7ea77e02e1,wallace.tips,available,15.99,30.99,high,low,7,namesilo,,,18/09/2026 06:43
3ac5c1e3-b9cd-4013-a7d6-9c340991b777,personals.tips,available,12.98,42.48,medium,low,9,namecheap,,,08/09/2026 05:02
db8a1c94-0567-4faf-ae2a-58feb2a7b39b,depot.tips,available,12.98,42.48,high,low,5,namecheap,,,11/09/2026 11:49
c04b6978-b365-4153-b6e6-de47625acfcb,throat.tips,available,15.99,30.99,high,low,6,namesilo,,,26/09/2026 00:01
b0c03f93-4bf4-48a3-b622-401d52ea670f,mailman.tips,available,12.98,42.48,high,low,7,namecheap,,,02/10/2026 15:56
fc02c72c-c905-449b-992d-e746be82a40a,invest.tips,resell,,,high,medium,6,,,,28/09/2026 02:00
9faba1ec-f594-42d1-8db5-027fd196d3c7,calculator.tips,resell,,,high,medium,10,"Sav.com, LLC - 3",22/06/2026 15:15,22/06/2027 15:15,26/09/2026 04:43
77ab0e2f-5406-442d-98ef-2567d4b8a4c3,fray.tips,available,8.24,25.9,medium,low,4,dynadot,,,01/10/2026 19:39
d4884dfd-04d1-4dfd-b231-bb0a5997917f,profoundly.tips,available,12.98,42.48,high,low,10,namecheap,,,14/09/2026 11:16
c651f25f-84db-4fd2-b14c-462ba8056f40,chr.tips,available,24.2,24.2,medium,low,3,cloudflare,,,28/09/2026 12:07
d82c0e29-0f14-4c73-95d6-56fc7fe4d7ee,wasp.tips,available,24.2,24.2,high,low,4,cloudflare,,,29/09/2026 14:06
890ef162-ac7c-41d2-b55f-f585effe521e,kemp.tips,available,15.99,30.99,medium,low,4,namesilo,,,29/09/2026 02:56
fc36e397-edf1-4edb-8cb6-0766d6e08fbf,hoarfrost.tips,available,12.98,42.48,medium,low,9,namecheap,,,21/08/2026 10:07
e4663834-b5de-4200-9fa0-89894655678c,myself.tips,available,15.99,30.99,high,low,6,namesilo,,,25/09/2026 12:53
8e3e28f8-d359-4f6e-a171-05fd503501bf,disadvantage.tips,available,8.24,25.23,high,low,12,porkbun,,,01/10/2026 08:43
41db2083-320c-487a-8f36-60760db0ef46,warlord.tips,available,15.99,30.99,medium,low,7,namesilo,,,03/10/2026 02:21
90c0eb12-8d10-44e2-9c41-adf09db822f4,fierily.tips,available,12.98,42.48,low,low,7,namecheap,,,14/09/2026 18:22
34f38fb3-53c4-4846-8c55-61fa8a5de49b,evocative.tips,available,12.98,42.48,high,low,9,namecheap,,,17/08/2026 15:14
3af1ed1c-6e39-4c31-b2cd-e3ff85b888a1,deviant.tips,available,12.98,42.48,high,low,7,namecheap,,,
2af46e62-49ec-4f9b-acd1-c10e03570df6,superuser.tips,available,15.99,30.99,high,low,9,namesilo,,,02/10/2026 03:00
74ef6899-7b0c-49b2-a170-5d141fd6b178,eda.tips,available,15,,high,low,3,unstoppable,,,30/09/2026 05:14
d72c3cd7-e038-40f1-851e-addaf48d938b,centesimal.tips,available,12.98,42.48,medium,low,10,namecheap,,,
4eb57f29-ff32-4f4c-9c4f-6c4b18499386,harrell.tips,available,15.99,30.99,medium,low,7,namesilo,,,30/09/2026 13:41
0ef41b10-ceeb-4d68-a413-9935a47ed521,charitable.tips,available,12.98,42.48,high,low,10,namecheap,,,12/08/2026 02:34
afb4b322-1609-47ff-8071-7e2fc67a34a0,karaoke.tips,available,11.59,25.04,high,low,7,spaceship,,,30/09/2026 17:46
0dbeac9c-2842-4afe-a097-7769eb09e2d4,finalist.tips,available,15,,high,low,8,unstoppable,,,02/10/2026 15:11
4954a13a-1f7c-451b-8805-f0c120683d19,bellini.tips,available,15.99,30.99,high,low,7,namesilo,,,23/09/2026 06:15
c4ad5493-2a12-4791-93dc-06928822c341,came.tips,available,15,,high,low,4,unstoppable,,,30/09/2026 22:36
ebec4678-6084-4b91-9abe-b60271d607e8,ringtail.tips,available,15.99,30.99,medium,low,8,namesilo,,,22/09/2026 12:08
cee0f45a-7c25-4777-b53a-3ddba9963c4c,kookie.tips,available,12.98,42.48,medium,low,6,namecheap,,,06/08/2026 21:09
91ff924c-7f8f-4b55-a162-bebd9433c983,amygdala.tips,available,15.99,30.99,high,low,8,namesilo,,,19/09/2026 00:23
8836212b-8716-4d34-bcae-7d5bf43318dd,gdp.tips,available,15.99,30.99,high,low,3,namesilo,,,25/09/2026 06:24
896416e2-1ee6-4fbc-a45b-369be039c6be,herds.tips,available,12.98,42.48,medium,low,5,namecheap,,,19/09/2026 20:40
6f376d3d-7acf-4110-9c4a-9e052ef040c8,completed.tips,available,15.99,30.99,high,low,9,namesilo,,,23/09/2026 17:22
7580ee71-e4a1-4858-8d5a-682f90510c92,cloudless.tips,available,12.98,42.48,high,low,9,namecheap,,,12/08/2026 12:32
71f7fb7a-2e00-4c4e-ad5a-b79dbcc1592f,custodial.tips,available,12.98,42.48,medium,low,9,namecheap,,,13/08/2026 12:19
1c944b52-6941-4ab7-b0ee-7faf465eadc1,wakefield.tips,available,15.99,30.99,high,low,9,namesilo,,,25/09/2026 12:26
f961b258-62cc-463e-b0c6-feaa409f4f89,wednesdays.tips,available,11.59,25.04,high,low,10,spaceship,,,02/10/2026 21:05
2a854824-22b8-4176-ba05-ae6360c205ea,grieving.tips,available,12.98,42.48,medium,low,8,namecheap,,,09/08/2026 15:07
95135c30-c0ca-458d-b3fe-9c84608968fc,segmented.tips,available,12.98,42.48,medium,low,9,namecheap,,,24/08/2026 21:43
74a4bc17-d703-49ae-aed9-c1d9a8cc8260,barbershop.tips,available,12.98,42.48,high,low,10,namecheap,,,22/09/2026 04:52
3f7ff834-42a6-4c36-8a41-df6883a87f4c,eeoc.tips,available,11.59,25.04,medium,low,4,spaceship,,,01/10/2026 08:04
5a21a299-e4b1-41b4-9ef9-412b89614010,behmen.tips,available,15.99,30.99,medium,low,6,namesilo,,,23/09/2026 03:43
2d48097d-7929-45af-94a5-38315c2bc362,riot.tips,available,15.99,30.99,high,low,4,namesilo,,,24/09/2026 13:04
847df529-0efe-45f8-9ad7-2c3bd9c57a96,lxii.tips,available,12.98,42.48,medium,low,4,namecheap,,,
2de6375f-2c2b-418c-9f94-4898593c01fb,fans.tips,available,12.98,42.48,high,low,4,namecheap,,,25/09/2026 21:32
74b0d3b5-293f-40a2-9262-27a1591516c6,converging.tips,available,12.98,42.48,high,low,10,namecheap,,,03/10/2026 00:11
326331d0-7064-454a-8d06-cdcd68bea771,establishment.tips,available,15,,medium,low,13,unstoppable,,,02/10/2026 16:24
3721dd2f-fb13-4481-a039-cd8aabcb675f,exceeded.tips,available,8.24,25.9,medium,low,8,dynadot,,,30/09/2026 00:20
997cda20-b9f9-4fe1-9364-7621afadfb3c,cleanliness.tips,available,24.2,24.2,high,low,11,cloudflare,,,02/10/2026 02:07
61ce4022-bc8c-4e02-a8d0-ee3e29c0de7f,another.tips,available,21.99,53.99,high,low,7,godaddy,,,01/10/2026 00:35
5194f56e-153f-4848-931a-2273632a2e16,disrupting.tips,available,15,,medium,low,10,unstoppable,,,01/10/2026 23:05
a139e153-6831-4908-9170-c51e1ae028c9,keene.tips,available,11.59,25.04,high,low,5,spaceship,,,28/09/2026 03:36
710bcb3a-d2cc-4a48-a63e-e06eeba12d02,hemal.tips,available,12.98,42.48,medium,low,5,namecheap,,,20/08/2026 21:41
d3edc240-9156-4038-860d-326ae06ba60b,debbie.tips,available,12.98,42.48,medium,low,6,namecheap,,,27/09/2026 07:32
0b380d8b-9e05-43b2-91e7-27f329da3504,frivolous.tips,available,12.98,42.48,medium,low,9,namecheap,,,18/08/2026 16:04
d5fea6f8-4b4a-409d-9690-775059d07ce6,refusal.tips,available,12.98,42.48,medium,low,7,namecheap,,,29/09/2026 02:01
c0603185-1a53-4583-b411-022a5460b6f3,smuggler.tips,available,15.99,30.99,medium,low,8,namesilo,,,03/10/2026 00:10
71f6485a-4e3a-41be-b075-744eab22a308,fatima.tips,available,24.2,24.2,medium,low,6,cloudflare,,,29/09/2026 06:52
6f1f0ece-521d-4446-9dfb-1d67123c79f8,likely.tips,available,15.99,30.99,high,low,6,namesilo,,,25/09/2026 13:46
d6ed997a-9dae-412d-bc60-8adeeb5cd983,check.tips,resell,,,high,medium,5,"Sav.com, LLC - 9",25/04/2026 15:16,25/04/2027 15:16,26/09/2026 04:53
e1496b8b-59be-4271-a82e-8ce8c7785f91,testator.tips,available,12.98,42.48,medium,low,8,namecheap,,,11/09/2026 12:02
ec84aeab-c74d-4932-ac78-639d35d76e7f,ammonium.tips,available,15.99,30.99,high,low,8,namesilo,,,18/09/2026 22:10
36aea2b2-7088-427b-94d2-0e3f2fa96c8b,shoeless.tips,available,12.98,42.48,medium,low,8,namecheap,,,08/08/2026 19:04
dd79030b-3455-4bf3-bc5c-a8fd4218f324,singh.tips,available,15.99,30.99,high,low,5,namesilo,,,29/09/2026 14:38
872b3f31-1cf2-495a-8fa3-b3beb9cd26c6,appointed.tips,available,12.98,42.48,medium,low,9,namecheap,,,06/08/2026 07:21
e4b9b48e-7eb6-40f1-99e0-05a0e76783b9,mankato.tips,available,15,,high,low,7,unstoppable,,,30/09/2026 17:58
6acedd19-ee49-499b-b261-33a79b2ada38,alluring.tips,available,15.99,30.99,high,low,8,namesilo,,,22/09/2026 01:34
3fceb415-249e-4eb4-9933-04cd9fc9e34f,conceive.tips,available,24.2,24.2,high,low,8,cloudflare,,,29/09/2026 14:04
7fc161fe-adf2-48e9-9928-cf3ddbd31225,drugged.tips,available,12.98,42.48,medium,low,7,namecheap,,,14/08/2026 20:06
c2772f14-2baf-4a48-ab2a-f6cd61167b5a,thallus.tips,available,24.2,24.2,medium,low,7,cloudflare,,,30/09/2026 18:57
4437d33d-51c7-4484-83ba-f5c9b4f34ac5,mammals.tips,available,15.99,30.99,medium,low,7,namesilo,,,30/09/2026 06:09
0e1f78f4-7e74-4c07-a01f-ff8bed265360,undoable.tips,available,12.98,42.48,medium,low,8,namecheap,,,11/09/2026 23:41
e640f7b8-ed56-4d1e-9dd4-c3a225946f4c,quarrying.tips,available,15,,high,low,9,unstoppable,,,02/10/2026 06:09
ccfadc75-0be6-4f91-b62e-708d806579f8,citric.tips,available,12.98,42.48,medium,low,6,namecheap,,,12/08/2026 08:54
8cd93a2e-1992-4ae3-8063-5f9f7b89ac63,identify.tips,available,15.99,30.99,high,low,8,namesilo,,,25/09/2026 12:36
ed81385b-96f9-445b-be09-ee4ad83f5164,pluton.tips,available,15.99,30.99,medium,low,6,namesilo,,,22/09/2026 13:46
ae7c396a-5392-42db-9111-7e009919e281,whirr.tips,available,12.98,42.48,medium,low,5,namecheap,,,13/09/2026 11:31
8700c8a0-9f4d-4f90-b267-e984b15d1656,arianrhod.tips,available,15.99,30.99,medium,low,9,namesilo,,,20/09/2026 05:14
4cc7cd29-cfb7-4688-9376-ac09d6531c3a,fivefold.tips,available,12.98,42.48,medium,low,8,namecheap,,,18/08/2026 05:56
fd6adcfe-fa44-4ac3-9b13-1dfecfb35e84,unopened.tips,available,12.98,42.48,medium,low,8,namecheap,,,12/09/2026 16:14
02a73c1e-f425-45d1-8024-2b16e4a749ad,michael.tips,available,15.99,30.99,high,medium,7,namesilo,,,25/09/2026 09:21
e2a26b25-dbd1-4c97-9593-e8db3d9c039f,begging.tips,available,15.99,30.99,medium,low,7,namesilo,,,23/09/2026 02:16
7a94ae50-97b1-4a3d-920c-e760d754681a,whistles.tips,available,24.2,24.2,medium,low,8,cloudflare,,,30/09/2026 07:27
09b27c8f-39c8-4f8e-8ae2-b7c7b11a40e9,accretion.tips,available,15.99,30.99,high,low,9,namesilo,,,16/09/2026 23:14
64b858b2-658f-444d-abe0-665a0788015d,zamboanga.tips,available,8.24,25.9,medium,low,9,dynadot,,,02/10/2026 09:38
4cb055b3-7960-4c0d-b1ec-7e254c91cd47,rodriguez.tips,available,24.2,24.2,medium,low,9,cloudflare,,,28/09/2026 22:21
5ab8f2f2-d9f0-4c6c-aaf1-0a9e4dd269b1,magnum.tips,available,12.98,42.48,high,low,6,namecheap,,,28/09/2026 06:19
258aa4f8-2f07-4b88-879e-d50f308897b1,variational.tips,available,15,,high,low,11,unstoppable,,,01/10/2026 06:35
7092fe77-8eff-4e0c-af03-d8e618dd7603,titivate.tips,available,12.98,42.48,medium,low,8,namecheap,,,10/09/2026 16:59
b4acb773-586a-42b5-a915-3f8b61ef803f,decisively.tips,available,12.98,42.48,medium,low,10,namecheap,,,14/09/2026 11:10
0afd3b0c-a8ba-4876-b6ff-a6086faa2aed,jones.tips,available,15.99,30.99,high,low,5,namesilo,,,25/09/2026 00:23
e6b32fc1-9d41-4b9f-92ab-c595fe29b142,strand.tips,available,12.98,42.48,high,low,6,namecheap,,,24/08/2026 16:26
479d9e53-cb36-496a-9ee8-d4b762bb9111,mundane.tips,available,12.98,42.48,high,low,7,namecheap,,,17/08/2026 14:55
b208a968-1109-4c9f-84f5-b1dbc3b4b080,noteworthy.tips,available,12.98,42.48,high,low,10,namecheap,,,03/09/2026 22:01
19f5ee36-ea92-4325-b301-ed1cb2d292c1,lallygag.tips,available,12.98,42.48,medium,low,8,namecheap,,,11/09/2026 08:33
e2bfa74b-5028-4315-afc2-5ea72c58e01c,damnably.tips,available,14.99,39.99,low,low,8,name.com,,,13/08/2026 16:35
ca01b435-15ef-47af-a9f0-25e7c1569a88,zippo.tips,available,12.98,42.48,high,low,5,namecheap,,,03/09/2026 22:45
e995ab4b-8fc7-4df9-9c84-a316bf2e3d3c,adjuvant.tips,available,12.98,42.48,medium,low,8,namecheap,,,
9e8e6a47-b133-4ebd-8098-93fc7940b6c3,laudable.tips,available,12.98,42.48,medium,low,8,namecheap,,,06/08/2026 07:01
dddfcfa3-2d58-4d52-9a0d-9f5d6bc0fef8,antiquated.tips,available,12.98,42.48,medium,low,10,namecheap,,,
3b0a245a-4677-4493-9986-f010119de402,prayer.tips,available,15.99,30.99,high,low,6,namesilo,,,28/09/2026 01:59
cb5dff32-fe14-4ac9-8347-d8082ecd505d,cruelty.tips,available,12.98,42.48,medium,low,7,namecheap,,,24/09/2026 19:49
aff3dffc-22c4-4c37-895d-5073e81bba8f,rope.tips,available,15.99,30.99,high,low,4,namesilo,,,25/09/2026 22:52
3aa1405f-d74f-415d-9133-fe5780f5fb7d,mucky.tips,available,12.98,42.48,medium,low,5,namecheap,,,10/08/2026 17:06
11af26f4-94e8-45b8-8524-5e2b37879de7,bullshit.tips,available,11.59,25.04,high,low,8,spaceship,,,29/09/2026 11:49
1e3b27c3-afa5-4108-8f26-fbc84f009491,aural.tips,available,15.99,30.99,high,low,5,namesilo,,,22/09/2026 12:49
b789bf45-6291-4a91-ae88-fc46cb3b4e16,divorced.tips,available,12.98,42.48,medium,low,8,namecheap,,,14/08/2026 14:01
cbb1f5db-8482-42ef-88f3-a96ac8ae5318,pronoun.tips,available,24.2,24.2,high,low,7,cloudflare,,,01/10/2026 21:23
dd623f88-523c-470e-afb8-6a43215c2799,amnionic.tips,available,12.98,42.48,medium,low,8,namecheap,,,
208d9d7c-613c-4b1c-82e5-e03ada8804a4,mama.tips,resell,,,high,low,4,,,,28/09/2026 06:17
4c1a0b7b-e1e1-42e1-9bf7-f007350b7538,bipartisan.tips,available,12.98,42.48,high,low,10,namecheap,,,10/08/2026 04:32
28d016a2-0646-413b-b0e4-8a8d58457155,cipher.tips,available,12.98,42.48,high,low,6,namecheap,,,08/09/2026 15:11
29570ce8-d47a-403a-9700-5819669b4ebf,lost.tips,available,15.99,30.99,high,low,4,namesilo,,,22/09/2026 10:52
7cc02aad-02ed-466e-a17d-9108607be30a,sexist.tips,available,12.98,42.48,medium,low,6,namecheap,,,10/09/2026 05:14
f86bd861-b0c2-458d-a6c6-6b675c00624e,elk.tips,available,15.99,30.99,high,low,3,namesilo,,,18/09/2026 03:55
80ffc2a9-78d8-4e84-ae84-bf58c6468ee8,snip.tips,available,15.99,30.99,high,low,4,namesilo,,,24/09/2026 15:44
8adb5add-5db7-4a22-8351-dc380253bcbf,thumping.tips,available,12.98,42.48,high,low,8,namecheap,,,08/08/2026 13:08
2c032ab3-8050-42e5-b788-520afbc8e5be,waxwork.tips,available,12.98,42.48,medium,low,7,namecheap,,,18/09/2026 19:16
5723e946-bf7e-4b8c-8e03-982dcd0f3e02,sprawl.tips,available,12.98,42.48,medium,low,6,namecheap,,,10/09/2026 16:41
b31de276-a9f8-4a6f-a284-ffcb731ce85e,abeyant.tips,available,12.98,42.48,medium,low,7,namecheap,,,
a04287a3-c1e2-4c07-957d-daf4acf9dc48,cupric.tips,available,12.98,42.48,medium,low,6,namecheap,,,13/08/2026 10:49
20b4bd80-ac63-4111-9c8b-08d94d570d66,pao.tips,available,11.59,25.04,high,low,3,spaceship,,,29/09/2026 09:17
75aeb4b2-36a1-4e73-88bc-ab9dd8c84fae,metternich.tips,available,24.2,24.2,high,low,10,cloudflare,,,02/10/2026 05:33
14df340c-81db-4806-999e-b0e634104451,resisted.tips,available,8.24,25.9,medium,low,8,dynadot,,,29/09/2026 16:36
9e67ca5d-7a56-428b-b705-82401f09b572,interbrain.tips,available,15.99,30.99,medium,low,10,namesilo,,,23/09/2026 11:55
6fca3230-1063-4127-a20d-a2d463b1af8d,recalling.tips,available,15,,high,low,9,unstoppable,,,02/10/2026 21:33
a84745ef-d64a-4941-9cdb-d8540c753c3c,sportive.tips,available,12.98,42.48,medium,low,8,namecheap,,,12/08/2026 18:10
ff4a279e-82b3-46b5-bf86-b32d136ded28,pedagogical.tips,available,15.99,30.99,high,low,11,namesilo,,,03/10/2026 03:05
534c1fad-bb0a-47c2-aa79-02b1c2d242f1,artificer.tips,available,15.99,30.99,high,low,9,namesilo,,,20/09/2026 11:38
ccaba5ab-e866-41a7-a814-a5a775c9b4e2,oswald.tips,available,15.99,30.99,high,low,6,namesilo,,,25/09/2026 08:53
a94a6d95-f8a6-41b9-9a6f-07252b3c6730,balloons.tips,available,15,,medium,low,8,unstoppable,,,28/09/2026 18:12
07672ab0-9a8b-4581-9616-6bce3887bce8,shirts.tips,available,15.99,30.99,medium,low,6,namesilo,,,27/09/2026 11:13
a28ff283-2b4b-4841-9ed9-77ec8f02650f,crying.tips,available,15.99,30.99,high,low,6,namesilo,,,24/09/2026 02:20
08481800-c2e9-494d-a1d7-5ee86cb643a3,shroud.tips,available,15,,high,low,6,unstoppable,,,02/10/2026 14:37
2e427ee2-b744-4220-ab99-488b100eb06d,tuneful.tips,available,12.98,42.48,high,low,7,namecheap,,,24/08/2026 19:43
2db450b4-ef4c-4b36-8051-f4688b129119,anisotropy.tips,available,15.99,30.99,medium,low,10,namesilo,,,19/09/2026 09:38
71d0a985-0bc6-4f61-a16e-81ab44992157,synthesized.tips,available,12.98,42.48,medium,low,11,namecheap,,,17/09/2026 19:35
3eb7a228-4aa1-42e0-a079-0f7a2e1dcff2,extend.tips,available,15,,high,low,6,unstoppable,,,30/09/2026 19:37
944ff773-a095-47df-bdf8-f6df3ea1f0f8,charities.tips,available,11.59,25.04,medium,low,9,spaceship,,,30/09/2026 06:10
187aa85c-ddea-4f39-826b-62a253d0c7f3,wearable.tips,available,12.98,42.48,high,low,8,namecheap,,,13/09/2026 08:58
85a42487-9f67-45fd-9a35-26b533761246,los.tips,available,21.99,53.99,high,low,3,godaddy,,,01/10/2026 00:09
dd6ad8be-7f01-40f4-94aa-bd6ec345643a,seminary.tips,available,15.99,30.99,high,low,8,namesilo,,,01/10/2026 03:37
3da52c56-016a-4ec2-9239-01d3bf7d7960,loopy.tips,available,12.98,42.48,medium,low,5,namecheap,,,06/08/2026 21:22
f6a475bc-433f-4cef-9765-6ed4362dda6b,sensory.tips,available,11.59,25.04,high,low,7,spaceship,,,27/09/2026 20:08
b5f96f1b-a350-43e5-92ae-6649be12790d,stamping.tips,available,24.2,24.2,high,low,8,cloudflare,,,02/10/2026 07:11
36e0d4f3-9a59-478b-b6b3-f111ad9529f7,disabled.tips,available,15.99,30.99,high,low,8,namesilo,,,24/09/2026 10:55
24bdeee7-d472-4ed5-bef4-a72a5377acba,catalan.tips,available,12.98,42.48,high,low,7,namecheap,,,11/08/2026 20:50
30856904-5cdb-4cc1-9404-95a033bf6a89,silverware.tips,available,24.2,24.2,high,low,10,cloudflare,,,30/09/2026 02:53
b1b06bff-00cd-4550-b519-420e32e83aa4,topology.tips,available,15.99,30.99,high,low,8,namesilo,,,19/09/2026 01:59
4de07eb5-4029-4155-a3b4-8dea5fe63f65,macabre.tips,available,12.98,42.48,medium,low,7,namecheap,,,18/08/2026 23:19
1cbd03ea-c524-454e-8a02-6e95be5059d3,lenses.tips,available,24.2,24.2,medium,low,6,cloudflare,,,29/09/2026 05:38
6f5f21c9-41fa-406f-b3b1-c9486f22fbb5,strafford.tips,available,24.2,24.2,medium,low,9,cloudflare,,,02/10/2026 20:46
f5816591-63b0-4a95-bab0-1c7f2a5e6f14,androgen.tips,available,15.99,30.99,medium,low,8,namesilo,,,19/09/2026 04:53
d3acd162-8fb2-4cb1-99f5-a069dbeff798,posters.tips,available,14.99,,medium,low,7,name.com,,,
a78acb2f-9eb0-42ac-aa51-7b78fb3ee4ad,ceylon.tips,available,12.98,42.48,high,low,6,namecheap,,,02/10/2026 14:38
20d8526c-ebd3-4cb8-8cbc-6bfd0c07b0a0,technically.tips,available,15.99,30.99,high,low,11,namesilo,,,19/09/2026 04:54
2a68b0c2-a604-4a87-aeb8-5747449e5f1e,renew.tips,available,12.98,42.48,high,low,5,namecheap,,,19/09/2026 08:23
97b0c61f-de56-407c-ad65-f51dc0973c7a,randoms.tips,available,15.99,30.99,low,low,7,namesilo,,,19/09/2026 22:13
efc528e0-7582-4670-bbbf-9548380c74a3,teller.tips,available,15.99,30.99,high,low,6,namesilo,,,22/09/2026 02:23
9cde2cd5-1843-417c-a359-b3aefab868f0,lenient.tips,available,12.98,42.48,high,low,7,namecheap,,,22/08/2026 23:46
d7cb128e-321a-4d9e-b6af-b9c4fbf41517,klee.tips,available,15.99,30.99,high,low,4,namesilo,,,02/10/2026 15:53
ff2e6f1e-e97f-417e-b1f1-29f6a3b0d8b3,mauritian.tips,available,12.98,42.48,medium,low,9,namecheap,,,24/08/2026 17:35
43f669de-f5da-467e-b0cc-59d086dc2a53,lang.tips,available,11.59,25.04,high,low,4,spaceship,,,01/10/2026 04:56
fbfbdbf5-f83c-40ab-b802-22c1869a604f,squeak.tips,available,12.98,42.48,high,low,6,namecheap,,,24/09/2026 15:54
76f952c3-212f-4f17-8fde-dd482ff63219,expressed.tips,available,12.98,42.48,high,low,9,namecheap,,,17/08/2026 18:26
2b230ee7-09ea-4571-926b-9895c819bbd3,goddard.tips,available,15.99,30.99,medium,low,7,namesilo,,,30/09/2026 01:46
faec5f04-ebe8-442b-ae86-dd64439ddfd6,floods.tips,available,12.98,42.48,low,low,6,namecheap,,,18/09/2026 19:03
da95863a-a44e-413a-8066-400cdcbd2226,treatments.tips,available,15.99,30.99,medium,low,10,namesilo,,,29/09/2026 04:46
d9c8570b-ea39-4413-9be1-81ce2b370d9e,improving.tips,available,12.98,42.48,high,low,9,namecheap,,,21/08/2026 23:17
6cfc731c-0d66-48c3-b6a3-ba1df469c151,pathologist.tips,available,11.59,25.04,high,low,11,spaceship,,,30/09/2026 19:46
13fe9b4a-432b-49ee-8550-f843c06400e4,systemic.tips,available,12.98,42.48,high,low,8,namecheap,,,11/09/2026 06:46
f6162b58-a50c-4d2a-a6c9-19179bb06a54,aligned.tips,available,12.98,42.48,high,low,7,namecheap,,,
4eb8ba88-33ed-4863-9654-37c75a131ea9,watermelon.tips,available,15.99,30.99,high,low,10,namesilo,,,29/09/2026 09:31
30e88dd6-415b-492b-9209-98bc8572bd97,perfecting.tips,available,15.99,30.99,high,low,10,namesilo,,,02/10/2026 13:45
d8fea0ac-46f9-456f-b72c-13504211a310,revise.tips,available,24.2,24.2,high,low,6,cloudflare,,,30/09/2026 18:30
694f79c1-075e-4398-a11e-bcf57ba77afa,puts.tips,available,15.99,30.99,medium,low,4,namesilo,,,18/09/2026 14:17
c90b578d-c97a-41aa-9c8a-74cd47fe4890,oil.tips,available,12.98,42.48,high,low,3,namecheap,,,24/09/2026 02:16
47b99b5e-e5fc-4b00-963a-318041ee6bcb,tapering.tips,available,12.98,42.48,medium,low,8,namecheap,,,14/08/2026 21:50
84c57ce9-a78d-4b11-858d-b0ae31e6f26e,partizan.tips,available,12.98,42.48,high,low,8,namecheap,,,08/09/2026 02:09
899c4133-167c-4426-bd17-b87df391b50a,coloured.tips,available,12.98,42.48,high,low,8,namecheap,,,22/09/2026 20:29
21194f16-53e0-4e72-875b-c8449fc85419,angara.tips,available,15.99,30.99,medium,low,6,namesilo,,,19/09/2026 05:44
db516fec-f607-4503-a0c7-6874571bc177,ormond.tips,available,11.59,25.04,medium,low,6,spaceship,,,29/09/2026 15:48
73eb7a84-0174-4f08-86f5-b7e83cbed39a,adolf.tips,available,11.59,25.04,medium,low,5,spaceship,,,29/09/2026 23:45
c5849f70-77e6-4a2e-b125-3822099c6abb,removes.tips,available,15.99,30.99,medium,low,7,namesilo,,,30/09/2026 07:26
f0b92eca-8c80-4216-b887-e3bae5b094ea,beheaded.tips,available,12.98,42.48,medium,low,8,namecheap,,,09/08/2026 10:21
57a1f48d-1f2b-41b3-a8b5-229087721275,colours.tips,available,15.99,30.99,high,low,7,namesilo,,,29/09/2026 10:20
7dff13d3-5ce6-4024-8957-39c57396dc2d,praise.tips,available,15.99,30.99,high,low,6,namesilo,,,29/09/2026 10:58
3390ca54-a1cc-4cdb-a415-f6315fe9b0f0,hound.tips,available,15.99,30.99,high,low,5,namesilo,,,24/09/2026 02:24
a12449ac-781b-4139-b954-a026a4a9c8d2,odorous.tips,available,12.98,42.48,medium,low,7,namecheap,,,04/09/2026 00:54
59d5435c-fe11-46e1-9df5-76c5d69ced68,bor.tips,available,15,,medium,low,3,unstoppable,,,29/09/2026 02:55
79c40aac-6e00-4089-b541-5e1255c152cb,remark.tips,available,24.2,24.2,high,low,6,cloudflare,,,28/09/2026 09:26
3fe2e97c-bdd0-4632-8a22-f50390093760,creditable.tips,available,12.98,42.48,high,low,10,namecheap,,,13/08/2026 05:54
f7c96e70-0c51-4618-80e0-e09b27178df6,cecal.tips,available,12.98,42.48,medium,low,5,namecheap,,,11/08/2026 12:54
cb83f274-a3fb-449e-96bc-3b3abfc09e20,errands.tips,available,24.2,24.2,medium,low,7,cloudflare,,,02/10/2026 22:28
4596adb4-65bc-467c-8386-7fc82a490570,unveil.tips,available,12.98,42.48,high,low,6,namecheap,,,30/09/2026 16:44
017819ca-026b-4527-ab0a-a18784637f8e,nam.tips,available,8.24,25.9,high,low,3,dynadot,,,28/09/2026 16:26
7ccd457c-8bc6-4ac3-86a2-44b946df96e3,crank.tips,available,12.98,42.48,medium,low,5,namecheap,,,13/08/2026 04:51
a869c308-a949-4d06-b01d-4163c6ec8914,resinous.tips,available,12.98,42.48,medium,low,8,namecheap,,,09/09/2026 15:13
f8dc4435-99be-4933-b3f0-930aae13fe8b,ploy.tips,available,24.2,24.2,high,low,4,cloudflare,,,02/10/2026 15:26
cb6b6c3b-4894-4a83-85a0-fb6f2209a1c3,advantageous.tips,available,11.59,25.04,high,low,12,spaceship,,,02/10/2026 17:31
a1b9b6d7-d2b4-4555-b590-7d9f34886ddd,enlarged.tips,available,15.99,30.99,high,low,8,namesilo,,,22/09/2026 22:37
0eb4f8fa-2ac1-4756-8802-5337446c7b6e,adhocracy.tips,available,15.99,30.99,medium,low,9,namesilo,,,17/09/2026 08:02
b8b6007d-cdf3-4e52-8d6c-35a52c6737a4,racine.tips,available,15.99,30.99,high,low,6,namesilo,,,28/09/2026 02:12
b1e3482f-ba96-4f33-ba18-84dd344a83ef,meshed.tips,available,12.98,42.48,medium,low,6,namecheap,,,24/08/2026 20:57
84ab72ea-6364-44ed-b1f3-b4e3c7304768,ter.tips,available,15.99,30.99,high,low,3,namesilo,,,02/10/2026 17:20
6a9f5c5c-a132-4258-a025-5d03b9a2e5c0,perez.tips,available,12.98,42.48,high,low,5,namecheap,,,25/09/2026 15:41
3f8ff414-5886-470e-a708-6642fb411983,alky.tips,available,12.98,42.48,medium,low,4,namecheap,,,
a194fd64-560e-48d4-922c-9194886af41d,pusan.tips,available,11.59,25.04,medium,low,5,spaceship,,,02/10/2026 16:27
e4936351-cfc0-4fcb-9dd4-c09e36ee6257,rochelle.tips,available,15.99,30.99,medium,low,8,namesilo,,,28/09/2026 22:08
fab40ab9-7b6a-430a-92d1-e539ede54267,jinnah.tips,available,12.98,42.48,medium,low,6,namecheap,,,02/10/2026 15:52
50248ffc-ebf0-4679-96ec-81a99da5ad35,upstart.tips,available,15.99,30.99,high,low,7,namesilo,,,25/09/2026 23:17
54e1d63b-9672-4fae-9952-bbaefa5c8e8d,bonnie.tips,available,12.98,42.48,high,low,6,namecheap,,,10/08/2026 18:47
0ef467b4-634d-41d7-9df4-3419ddb6f874,limpid.tips,available,12.98,42.48,high,low,6,namecheap,,,13/08/2026 09:41
54426e16-77de-45db-b2f0-24a38a401dca,auf.tips,available,12.98,42.48,high,low,3,namecheap,,,30/09/2026 19:17
d03cc09d-fdf9-4b42-8f70-32ff8c3ba63d,squalid.tips,available,12.98,42.48,medium,low,7,namecheap,,,10/09/2026 14:31
bf1f804f-1eea-4465-8cee-9a4d9d5338c1,administered.tips,available,15.99,30.99,medium,low,12,namesilo,,,29/09/2026 16:19
60cc7bf1-95aa-4bba-ad0a-0640d9fdaf72,bishops.tips,available,15,,low,low,7,unstoppable,,,30/09/2026 23:08
4d43c90a-90d4-4535-a926-26400d095847,charleston.tips,available,11.59,25.04,high,low,10,spaceship,,,29/09/2026 07:20
7cf3b05f-0546-49a7-b0ef-cbc6e8dcec2d,finnish.tips,available,12.98,42.48,high,low,7,namecheap,,,18/08/2026 05:03
cddf2414-016c-4874-a65d-f0526de7f6be,balaclava.tips,available,12.98,42.48,medium,low,9,namecheap,,,21/09/2026 20:27
75eab21c-42fc-467f-b28d-aac857fb2969,translator.tips,available,11.59,25.04,high,low,10,spaceship,,,28/09/2026 19:30
60b3b00a-9d7a-4bc5-b038-13a69f4cec1f,lxv.tips,available,12.98,42.48,medium,low,3,namecheap,,,
11c381a5-9c1d-4329-b64c-5bf9ccf71f93,manufacturer.tips,available,11.59,25.04,medium,low,12,spaceship,,,28/09/2026 20:59
623595c2-2ed6-4abf-b449-1df787569579,satiated.tips,available,12.98,42.48,medium,low,8,namecheap,,,09/09/2026 21:39
724459d0-8aa3-46ad-9975-c1d4e4edf21e,austerlitz.tips,available,15.99,30.99,medium,low,10,namesilo,,,21/09/2026 04:41
6cd3898f-a078-4706-9ae8-2d679e47edf9,infiltration.tips,available,24.2,24.2,medium,low,12,cloudflare,,,30/09/2026 23:19
79dac60b-205c-4108-a1d7-7abd875685f8,lieu.tips,available,15,,high,low,4,unstoppable,,,02/10/2026 05:37
6de598c5-1eb9-4e38-8d83-b4bb9248e48b,intangible.tips,available,12.98,42.48,high,low,10,namecheap,,,21/08/2026 21:42
b24361db-3896-4697-9deb-bc6e8e6462ab,manky.tips,available,12.98,42.48,medium,low,5,namecheap,,,24/08/2026 15:12
19a6c5f9-be89-4787-9281-0f28e54812fa,peaceable.tips,available,12.98,42.48,high,low,9,namecheap,,,08/09/2026 11:08
f6276b3f-502f-47d5-ac1f-80e0a6ab3fe3,scaring.tips,available,15,,low,low,7,unstoppable,,,02/10/2026 03:46
84f81a9d-e712-411b-99cc-6749d4c8be97,msc.tips,available,12.98,42.48,high,low,3,namecheap,,,27/09/2026 04:42
ac6d52f6-1e40-4263-95f5-ffe7bbd87c33,arrived.tips,available,15.99,30.99,medium,low,7,namesilo,,,17/09/2026 14:03
de1b37f9-af1d-4629-b38c-e91d85460970,traps.tips,available,15.99,30.99,high,low,5,namesilo,,,20/09/2026 04:06
3d980cb7-e227-492e-8f30-9bb0f792a533,laser.tips,available,15.99,30.99,high,low,5,namesilo,,,28/09/2026 02:15
9e9c814d-dfbf-42c3-8756-ab106b35c9b3,llewellyn.tips,available,15.99,30.99,medium,low,9,namesilo,,,29/09/2026 09:48
6d8eb544-2edc-4f6d-a638-f08f15b2a26f,devilish.tips,available,12.98,42.48,medium,low,8,namecheap,,,14/08/2026 05:06
fa6051e6-1671-4159-b339-2a7d14e23a28,honeycomb.tips,available,15.99,30.99,high,low,9,namesilo,,,02/10/2026 05:20
d972b71b-0a82-41d8-9e1f-a9cc5b2127e8,critics.tips,available,8.24,25.23,low,low,7,porkbun,,,28/09/2026 18:02
45b8c9eb-9e50-4b1e-b09e-39f6e697518f,bothersome.tips,available,12.98,42.48,medium,low,10,namecheap,,,
a26a8f5e-2de9-4aa2-8ea3-166b0f826eb9,bile.tips,available,12.98,42.48,medium,low,4,namecheap,,,23/09/2026 15:41
c54e1de8-4885-40b6-bfa6-dc465d244db1,indate.tips,available,8.24,25.23,medium,low,7,porkbun,,,02/10/2026 21:13
a0544775-8d63-4c67-928e-a369f806ddcc,souse.tips,available,12.98,42.48,medium,low,5,namecheap,,,
b8b847a7-1d4b-4fe8-99c5-6b48f1c5d009,subcommittee.tips,available,12.98,42.48,medium,low,12,namecheap,,,30/09/2026 19:57
3371d278-88e8-4a01-8055-b3f4c79d2728,auger.tips,available,15.99,30.99,medium,low,5,namesilo,,,21/09/2026 03:19
7f3ebeb4-744c-4486-902a-e179e5695712,condensation.tips,available,11.59,25.04,medium,low,12,spaceship,,,01/10/2026 13:08
603f1314-d27b-4195-922b-4f7e51f201d4,slapped.tips,available,11.59,25.04,low,low,7,spaceship,,,29/09/2026 23:39
7f05dd3c-8d16-41d1-928d-482f87af6cce,wayward.tips,available,12.98,42.48,medium,low,7,namecheap,,,13/09/2026 08:49
01700799-e47c-49be-ba79-73277910e4a5,exploited.tips,available,12.98,42.48,medium,low,9,namecheap,,,08/09/2026 15:46
3b4454d1-baff-445d-9b8a-f8314a873c7b,alien.tips,available,,,high,medium,5,,,,
34dd6281-ff25-4ce1-8b03-4e9f21697207,overlook.tips,available,15,,high,low,8,unstoppable,,,30/09/2026 05:32
8b29554e-3334-4baf-ac2a-b6a2a72285ea,making.tips,available,15.99,30.99,high,low,6,namesilo,,,29/09/2026 14:44
12657218-3e64-494b-a7a3-e3221ac0cf96,roa.tips,available,15,,medium,low,3,unstoppable,,,02/10/2026 22:07
be2a88d3-66eb-4bfe-81d1-da243bbaa399,tub.tips,available,11.59,25.04,high,low,3,spaceship,,,29/09/2026 01:33
72ceb36b-f148-425f-bdd3-f7e0e29e4311,adaptable.tips,available,15.99,30.99,high,low,9,namesilo,,,21/09/2026 16:52
ad72ab4b-eda3-4228-8ea5-7da094b33871,enhancing.tips,available,8.24,25.9,medium,low,9,dynadot,,,02/10/2026 12:23
bafd1098-9524-4f68-a08e-569adc2cd812,bimanual.tips,available,12.98,42.48,medium,low,8,namecheap,,,09/08/2026 22:36
48067cc2-a272-465d-b7dc-bcc2cabe5124,assistance.tips,available,12.98,42.48,high,low,10,namecheap,,,17/09/2026 20:44
9d71d020-588f-4def-8c30-ab68b79071ac,sculptures.tips,available,24.2,24.2,medium,low,10,cloudflare,,,01/10/2026 17:59
7d1ea305-9897-4644-be09-28bd192b3320,cleanse.tips,available,8.24,25.9,high,low,7,dynadot,,,01/10/2026 22:10
34d55b9a-28dd-439d-81ee-9a2b42252312,mould.tips,available,14.99,39.99,medium,low,5,name.com,,,24/09/2026 15:22
30df94a5-34ef-4d82-a46d-39ef88103ca5,skintight.tips,available,12.98,42.48,medium,low,9,namecheap,,,10/09/2026 09:40
63f62ef2-d207-4fc9-bb1c-cf8ee7d526b7,pukka.tips,available,12.98,42.48,medium,low,5,namecheap,,,09/09/2026 05:24
2eb680ec-66a1-4e2e-b825-ec19e49c4900,unredeemed.tips,available,12.98,42.48,medium,low,10,namecheap,,,12/09/2026 17:55
21b758aa-53eb-469f-9b2b-c608118f993c,distinguished.tips,available,11.59,25.04,high,low,13,spaceship,,,01/10/2026 19:21
47279059-e903-4f79-af10-e4dd3a769663,summertime.tips,available,12.98,42.48,high,low,11,namecheap,,,02/10/2026 16:53
ed851be4-0725-49c6-946e-89ce3a8d0b4b,sluggish.tips,available,12.98,42.48,medium,low,8,namecheap,,,10/09/2026 11:29
4ec362cc-c8a8-4be4-b116-abee887c77e5,edirne.tips,available,15.99,30.99,medium,low,6,namesilo,,,17/09/2026 10:01
50d87a6d-39ba-4213-84fc-b2fe01faac62,musing.tips,available,12.98,42.48,high,low,6,namecheap,,,11/08/2026 05:58
f653ee55-5478-4f3e-b595-4e42ddbcdd17,attached.tips,available,12.98,42.48,high,low,8,namecheap,,,
d8e3ef3a-8a56-4580-b0dc-05856ec7723b,montague.tips,available,11.59,25.04,high,low,8,spaceship,,,01/10/2026 16:36
b6c2ef6d-fb56-47bb-99b2-499d012a31bb,omdurman.tips,available,15.99,30.99,medium,low,8,namesilo,,,22/09/2026 15:32
cb8d1b90-ab6e-4a66-9675-ddbe712a8b2d,bicentric.tips,available,12.98,42.48,medium,low,9,namecheap,,,09/08/2026 19:09
422f765d-f98d-41ba-a4ca-b1806d7afddd,burred.tips,available,12.98,42.48,medium,low,6,namecheap,,,08/08/2026 17:23
b829e112-e5a6-4ed5-b889-36e938c89d81,arborvitae.tips,available,15.99,30.99,medium,low,10,namesilo,,,20/09/2026 00:54
ccea6adc-b7d0-49b8-8898-83b5b93cdbef,alfatah.tips,available,15.99,30.99,medium,low,8,namesilo,,,18/09/2026 00:22
3cce6823-b32d-4edc-a99b-c7fb539222bf,hogarth.tips,available,11.59,25.04,high,low,7,spaceship,,,29/09/2026 13:03
11939113-34aa-4be5-9244-cd4b3e22b1a3,polaroid.tips,available,15.99,30.99,high,low,8,namesilo,,,03/10/2026 01:48
442137bd-3eba-40b3-a839-607d313a3372,relate.tips,available,12.98,42.48,high,low,6,namecheap,,,07/08/2026 07:03
0f8e5f08-06d3-4fe3-9747-4d026add2aa3,fergusson.tips,available,24.2,24.2,medium,low,9,cloudflare,,,02/10/2026 02:38
e918717a-8644-4ae3-ae53-3e91a81e5577,reluctantly.tips,available,15,,medium,low,11,unstoppable,,,30/09/2026 11:53
713dde57-c355-4d74-ac6f-274602112cc6,observations.tips,available,15.99,30.99,medium,low,12,namesilo,,,17/09/2026 08:04
2b08fd83-a301-40f5-a770-5ab88c999f42,benet.tips,available,15.99,30.99,high,low,5,namesilo,,,23/09/2026 07:58
992f9abd-380c-43c3-b954-b90ddd8286f7,adorables.tips,available,11.59,25.04,high,low,9,spaceship,,,02/10/2026 03:03
dc7d23a8-a6a7-48a1-8955-21e11faffa82,villa.tips,available,8.24,25.9,medium,low,5,dynadot,,,29/09/2026 00:41
09ae3791-ee1b-43d2-89d4-3a48a3d794b2,offshore.tips,available,12.98,42.48,high,low,8,namecheap,,,04/09/2026 01:37
fc6e6d6b-e74c-4da7-924a-967604dc42cc,catawba.tips,available,15.99,30.99,high,low,7,namesilo,,,30/09/2026 08:59
9747451e-4e69-4953-9cd0-924f3d9177f1,tearless.tips,available,12.98,42.48,medium,low,8,namecheap,,,14/08/2026 20:31
943cdc49-4eca-47bf-9dc8-3ce8c3d0d437,omissive.tips,available,12.98,42.48,medium,low,8,namecheap,,,04/09/2026 02:28
e5265dc4-8103-4416-adb6-00b57109464a,fugly.tips,available,12.98,42.48,medium,low,5,namecheap,,,18/08/2026 17:49
0f2d0db8-58e7-470e-9d23-cf5e680177f4,sonsy.tips,available,12.98,42.48,medium,low,5,namecheap,,,10/08/2026 20:35
478c839a-ac0f-498b-ad6b-e0fe3f5df6cc,beams.tips,available,15.99,30.99,medium,low,5,namesilo,,,28/09/2026 23:32
c837f1a9-56f7-4373-ad9a-ad9aa5bbfe80,twisting.tips,available,12.98,42.48,high,low,8,namecheap,,,11/09/2026 21:52
10f05a9f-884d-47c4-9407-be99d083e37d,continuity.tips,available,15.99,30.99,high,low,10,namesilo,,,24/09/2026 17:42
b125910b-65f0-4b6e-bb39-787298dbf65a,freda.tips,available,15.99,30.99,high,low,5,namesilo,,,01/10/2026 08:48
eb3915b7-0e08-4652-b4bf-0e9e7f0a2d23,melo.tips,available,15,,high,low,4,unstoppable,,,30/09/2026 21:58
751ca224-768e-49cb-9825-a8c86aa1cc7d,marr.tips,available,15,,high,low,4,unstoppable,,,29/09/2026 10:01
7642ded0-18bf-44bf-884b-37e963cee840,aloft.tips,available,12.98,42.48,medium,low,5,namecheap,,,13/09/2026 19:10
9849fca9-0eb6-48c9-9668-93103795ef56,interfaith.tips,available,12.98,42.48,high,low,10,namecheap,,,22/08/2026 08:02
9c3f5534-b321-48f4-988a-eb444eaa1695,rubenstein.tips,available,11.59,25.04,medium,low,10,spaceship,,,02/10/2026 20:07
af74c223-b1e2-4689-9868-369c4d81ca78,canadians.tips,available,11.59,25.04,medium,low,9,spaceship,,,29/09/2026 17:32
c7eac89c-6b21-4341-9c9b-34f725abfc67,ammonia.tips,available,15.99,30.99,high,low,7,namesilo,,,18/09/2026 22:08
110f14d9-4636-42b2-9222-5d95e75b6cc5,batter.tips,available,15.99,30.99,high,low,6,namesilo,,,22/09/2026 14:16
b880ab0a-945d-4728-b3cd-bee36ff72c32,sections.tips,available,15.99,30.99,medium,low,8,namesilo,,,29/09/2026 05:14
24d181ef-7258-43a9-89df-6805a9b6eacc,your.tips,resell,,,high,medium,4,,,,02/10/2026 04:33
4e0ecf51-7bec-41ec-ac1f-98b0b7b7b3b9,antiracist.tips,available,15.99,30.99,high,low,11,namesilo,,,01/10/2026 13:07
0a5dabe8-9a07-4c03-be83-c261152928b7,blenheim.tips,available,15.99,30.99,medium,low,8,namesilo,,,24/09/2026 05:52
979ba6a1-efc4-4934-bd4e-ae57ad8a33ec,comedian.tips,available,15.99,30.99,high,low,8,namesilo,,,23/09/2026 15:26
ebef3360-85b0-4d7c-a8f6-e76483123cb1,dias.tips,available,15.99,30.99,high,low,4,namesilo,,,22/09/2026 09:17
2361a516-58b8-48cb-8b46-9a9b1a2270e3,obese.tips,available,15.99,30.99,medium,low,5,namesilo,,,23/09/2026 23:32
adb461b2-9f63-4412-a565-60ad596a9f20,tess.tips,available,15.99,30.99,medium,low,4,namesilo,,,28/09/2026 21:56
2cf3cb66-cbe3-45d6-8189-55c521f3066d,mismatched.tips,available,12.98,42.48,medium,low,10,namecheap,,,25/08/2026 01:36
982e5257-ea47-428e-b535-d86baf74610e,anklet.tips,available,15.99,30.99,high,low,6,namesilo,,,19/09/2026 09:41
02c5dd14-1466-41fa-8d74-9febd98d314e,consolidate.tips,available,15,,high,low,11,unstoppable,,,01/10/2026 04:56
d5056803-b8ab-4cc8-8252-8a7092d1ce94,tasteless.tips,available,12.98,42.48,medium,low,9,namecheap,,,11/09/2026 09:02
61bbc624-1c48-4126-a0ac-976a6237de72,mccauley.tips,available,15.99,30.99,medium,low,8,namesilo,,,01/10/2026 02:59
4118c8a4-64d1-48a3-9b57-7efcfa6161bd,anarchist.tips,available,12.98,42.48,high,low,9,namecheap,,,19/09/2026 02:24
1bd7f507-bd99-4099-bbfa-433b4cd98bc7,darkling.tips,available,14.99,39.99,medium,low,8,name.com,,,13/08/2026 18:16
53819c31-653d-4cf6-8ace-b8c5161d9531,cfl.tips,available,24.2,24.2,high,low,3,cloudflare,,,29/09/2026 20:49
34fb6581-7872-406a-8318-0797a7880ba3,parrott.tips,available,11.59,25.04,medium,low,7,spaceship,,,30/09/2026 21:39
a520701a-2c63-42ce-bc9e-776b44fb0c11,nutbrown.tips,available,12.98,42.48,medium,low,8,namecheap,,,03/09/2026 23:14
5fcbfc9f-9414-4170-a425-a8288fef93c4,preparing.tips,available,15.99,30.99,high,low,9,namesilo,,,27/09/2026 06:40
252c9e1c-19f6-42a2-95c5-f9c7f6e8c281,rhonda.tips,available,11.59,25.04,high,low,6,spaceship,,,30/09/2026 21:11
352b8ace-51d2-41c4-9b8f-9b34c93ddd0b,newsletters.tips,available,15.99,30.99,high,low,11,namesilo,,,20/09/2026 15:17
33e7eb42-f1bf-4837-b7a4-d9f32e2fa127,knightly.tips,available,12.98,42.48,high,low,8,namecheap,,,12/08/2026 06:11
8b2eed4c-ca90-4877-bba8-aee70b0c9791,saturation.tips,available,24.2,24.2,high,low,10,cloudflare,,,30/09/2026 16:43
3ec4afbb-0d60-4c60-ab91-8cce172fd05f,alumna.tips,available,12.98,42.48,high,low,6,namecheap,,,20/08/2026 17:44
9f465f24-83e0-42e3-8dd4-b786645454cd,unbroken.tips,available,12.98,42.48,high,low,8,namecheap,,,22/08/2026 15:36
e541b445-5b08-4fb2-a874-b519c2f78dfa,significance.tips,available,24.2,24.2,high,low,12,cloudflare,,,28/09/2026 08:20
2f301f86-b431-4e50-822e-5cbc07596242,octavian.tips,available,15.99,30.99,medium,low,8,namesilo,,,21/09/2026 04:03
e4ee7b80-f744-4885-95a8-7e4415e8ec26,dps.tips,available,15.99,30.99,high,low,3,namesilo,,,01/10/2026 07:57
ea4d87c9-4074-4796-89a2-08a25a06cfeb,schonberg.tips,available,15.99,30.99,medium,low,9,namesilo,,,20/09/2026 08:20
44d2393c-abfb-4820-8c32-94170d0928f2,oedipus.tips,available,15.99,30.99,medium,low,7,namesilo,,,03/10/2026 01:25
af4f75d4-208e-4de7-928e-4e957e6f6b4e,assassinate.tips,available,8.24,25.9,medium,low,11,dynadot,,,30/09/2026 19:24
0ad00f12-4ae6-45f4-9fcb-6eef0e5bb5ad,amaterasu.tips,available,15.99,30.99,medium,low,9,namesilo,,,18/09/2026 16:05
91929e72-bcee-4ccf-bc18-59f7a97394ef,frowning.tips,available,12.98,42.48,medium,low,8,namecheap,,,18/08/2026 16:40
a3940f88-11f5-455c-a79b-c94909c208a7,overflowing.tips,available,11.59,25.04,high,low,11,spaceship,,,01/10/2026 05:59
43a1fac1-409a-4676-bb10-f5ebfcbe3d28,stunner.tips,available,12.98,42.48,high,low,7,namecheap,,,22/08/2026 16:40
f29d60a3-2ed2-47e4-bb50-da69fb039df1,rok.tips,available,24.2,24.2,high,low,3,cloudflare,,,29/09/2026 08:31
6dad9d4a-c2f2-4320-9c0e-91f3f6fa09a8,denies.tips,available,11.59,25.04,low,low,6,spaceship,,,29/09/2026 15:56
46c76d66-a755-48f4-ad47-9872fcd24e43,absence.tips,available,15.99,30.99,medium,low,7,namesilo,,,28/09/2026 17:04
a2e24f1d-601a-4447-b778-a311ea1d851b,judicious.tips,available,12.98,42.48,high,low,9,namecheap,,,21/08/2026 02:00
7fb54a69-b9d8-436b-932f-6e432e672935,participating.tips,available,11.59,25.04,medium,low,13,spaceship,,,02/10/2026 16:08
d4724471-1f24-4845-9a2e-0accc5c47258,flake.tips,available,12.98,42.48,medium,low,5,namecheap,,,14/08/2026 23:23
0c47d535-94f0-418a-ab58-e1752fb4e7a1,geese.tips,available,14.99,,medium,low,5,name.com,,,
a1be3f3e-c44b-4192-9e55-f47131c1d12f,doctoral.tips,available,12.98,42.48,medium,low,8,namecheap,,,14/08/2026 14:19
4c01558d-a81f-4dab-b87f-39e6a7a84eef,madagascan.tips,available,12.98,42.48,medium,low,10,namecheap,,,24/08/2026 12:55
a1210a22-f621-4fbb-9194-2a7ac156fa75,pittsburgh.tips,available,12.98,42.48,high,low,10,namecheap,,,30/09/2026 06:55
e18748fb-8c78-4792-95c7-724e651dff14,banquette.tips,available,15.99,30.99,medium,low,9,namesilo,,,22/09/2026 03:08
9f76f663-381d-47bc-b0b0-67d3b81fc687,bulgarian.tips,available,12.98,42.48,high,low,9,namecheap,,,11/08/2026 08:23
af3ae0b9-8751-4a08-a7b3-221a8d1a3b7e,kermit.tips,available,11.59,25.04,medium,low,6,spaceship,,,30/09/2026 13:00
f4777143-3d40-4887-9d93-1671ea0c5d8c,carriages.tips,available,15.99,30.99,medium,low,9,namesilo,,,01/10/2026 15:24
0aeaf394-af92-4046-9c06-b463a43744a7,carotid.tips,available,12.98,42.48,high,low,7,namecheap,,,11/08/2026 19:33
ef1fc333-eea7-4fe0-8982-8661335fcf07,buffer.tips,available,11.59,25.04,high,low,6,spaceship,,,29/09/2026 05:06
62278381-91a3-4a4b-8611-6b2eb19b5bb6,numerate.tips,available,12.98,42.48,medium,low,8,namecheap,,,03/09/2026 22:56
aab03628-31d2-4f62-b82d-fcbb6c5e8ddf,fsb.tips,available,15.99,30.99,high,low,3,namesilo,,,30/09/2026 17:18
2b412012-36e5-4ccf-a1d6-9e52154d1ed8,invaluable.tips,available,15.99,30.99,high,low,10,namesilo,,,25/09/2026 11:01
0b1603c6-6451-4ef9-b512-bb4726006696,difficulty.tips,available,11.59,25.04,high,low,10,spaceship,,,29/09/2026 14:54
db824b3e-892e-441c-9396-d30d33de29e3,achillea.tips,available,15.99,30.99,medium,low,8,namesilo,,,17/09/2026 00:35
fff56cac-e75a-4947-9c15-51ea141c9a9b,northfield.tips,available,8.24,25.9,medium,low,10,dynadot,,,29/09/2026 10:07
4f47c1ea-bcab-4662-9f5f-122e201b824b,hillsdale.tips,available,11.59,25.04,medium,low,9,spaceship,,,29/09/2026 22:46
98f1f47a-4793-4cca-b86f-ee3c9dfb6c41,bryn.tips,available,11.59,25.04,medium,low,4,spaceship,,,28/09/2026 07:45
df404e63-556b-449e-b1a5-4fae04d6106d,allergen.tips,available,15.99,30.99,high,low,8,namesilo,,,18/09/2026 10:53
282f4100-55f9-4dbf-ab04-fb984b8a4035,nooky.tips,available,12.98,42.48,low,low,5,namecheap,,,18/08/2026 17:29
12ed022e-ee83-4545-9be2-a1eeaffb916b,frisian.tips,available,12.98,42.48,medium,low,7,namecheap,,,18/08/2026 15:59
08429c4a-675b-421d-bc0c-4c0acb06c590,alarming.tips,available,,,medium,low,8,,,,
befbbb0b-d3f9-4fef-8242-be4692df3682,dysprosium.tips,available,12.98,42.48,medium,low,10,namecheap,,,20/09/2026 23:28
4068eecd-189d-4825-86b5-01fc9839a9d1,rhenish.tips,available,12.98,42.48,medium,low,7,namecheap,,,09/09/2026 16:29
c824273c-3440-4efc-8be9-8dff1b30907c,latakia.tips,available,15.99,30.99,medium,low,7,namesilo,,,18/09/2026 01:28
a5195825-e59d-4803-b027-cc5b5045e5e9,zoomed.tips,available,15.99,30.99,medium,low,6,namesilo,,,18/09/2026 03:48
66a837cf-35af-4489-98f0-254e2a445596,investigative.tips,available,11.59,25.04,medium,low,13,spaceship,,,29/09/2026 08:53
061a2ed2-c145-4b38-bf26-e4ebc463975b,daughter.tips,available,15.99,30.99,high,low,8,namesilo,,,29/09/2026 13:15
03546216-f791-4824-b745-6233abe57f89,goals.tips,available,11.59,25.04,high,low,5,spaceship,,,28/09/2026 07:10
fc0beac4-3cf7-41fc-b827-20a8d89ecee3,scrawny.tips,available,12.98,42.48,medium,low,7,namecheap,,,09/09/2026 23:42
545be559-e5e5-48b3-a5ba-5b7729acb6d3,skeletons.tips,available,24.2,24.2,medium,low,9,cloudflare,,,30/09/2026 06:36
ae77bd3f-bafd-42d1-a847-1a34f37da4a3,jainism.tips,available,15,,medium,low,7,unstoppable,,,02/10/2026 05:27
74c214bd-6703-41f0-98e9-8fc2f9403930,hag.tips,available,15.99,30.99,high,low,3,namesilo,,,23/09/2026 04:44
4e88a154-a417-4c4d-896c-117a9c00c8c3,cannibal.tips,available,12.98,42.48,medium,low,8,namecheap,,,19/09/2026 13:56
16ebf7b4-477b-41ad-9e6c-de04afdf951e,hamper.tips,available,8.24,25.23,high,low,6,porkbun,,,02/10/2026 05:09
d87f3c5a-e4e6-4260-8277-f08a5b726fc4,perishable.tips,available,12.98,42.48,high,low,10,namecheap,,,08/09/2026 17:18
28ee8145-0445-441a-b2a8-c85dfaef7830,unrivalled.tips,available,12.98,42.48,high,low,10,namecheap,,,24/08/2026 17:08
acc23b50-03d6-4136-828e-239c6947db9c,ascendant.tips,available,12.98,42.48,high,low,9,namecheap,,,
54274f9a-2b8b-48db-94f6-f7757390805b,momentarily.tips,available,15.99,30.99,medium,low,11,namesilo,,,29/09/2026 23:02
a629617a-adde-49b3-b9c9-9e5b08215407,manor.tips,available,11.59,25.04,high,low,5,spaceship,,,28/09/2026 19:49
9aad0b5c-4d16-41b4-8966-1416f746d430,generals.tips,available,12.98,42.48,medium,low,8,namecheap,,,18/09/2026 06:44
6c82d3ea-0e98-4f8d-885d-d8507f135db3,malay.tips,premium,78.54,78.54,high,low,5,namesilo,,,24/08/2026 13:42
f5f4c9a3-4f8e-49c2-8261-68701d26c050,asio.tips,available,15.99,30.99,medium,low,4,namesilo,,,20/09/2026 14:18
1f792854-1d7a-44ed-942d-7231edbe3179,varanasi.tips,available,24.2,24.2,medium,low,8,cloudflare,,,02/10/2026 09:36
9325909a-e3af-470e-a519-61ce126f4fa3,dwarfs.tips,available,11.59,25.04,medium,low,6,spaceship,,,02/10/2026 13:04
1d2a600c-ec1d-4a14-9120-463ffbaf1d3f,illegitimate.tips,available,15,,medium,low,12,unstoppable,,,30/09/2026 03:36
29eaa700-3708-46fe-99bf-d6773a554afc,cypriote.tips,available,14.99,39.99,medium,low,8,name.com,,,13/08/2026 14:05
5acc6830-7400-45f2-990b-857ce764f639,osama.tips,available,12.98,42.48,medium,low,5,namecheap,,,29/09/2026 22:16
ae9a8abc-766a-4a36-bb76-69ccecde5041,cumbersome.tips,available,12.98,42.48,medium,low,10,namecheap,,,13/08/2026 10:25
138fadaa-fc2b-4c3b-a380-b0b0fc730888,rags.tips,available,8.24,25.9,medium,low,4,dynadot,,,30/09/2026 06:44
52348ece-3a81-4f4c-a3f2-af77706ed61f,criticize.tips,available,24.2,24.2,high,low,9,cloudflare,,,30/09/2026 18:07
de930a3c-5bd3-4e25-98cd-74cfc87c3408,deserted.tips,available,12.98,42.48,medium,low,8,namecheap,,,
03cad46a-6236-4790-a6ef-bf69e00c3a26,ponds.tips,available,12.98,42.48,medium,low,5,namecheap,,,18/09/2026 22:37
be51f7db-523d-47f4-b5c5-086b34d283c2,convenient.tips,available,14.99,39.99,high,low,10,name.com,,,23/09/2026 15:48
5b500faa-d843-45a6-8ef1-c3acfa16a196,metrical.tips,available,12.98,42.48,medium,low,8,namecheap,,,24/08/2026 22:08
297f8aea-9287-4ade-bb50-a9d3046c6567,gravitational.tips,available,11.59,25.04,medium,low,13,spaceship,,,29/09/2026 10:18
8df0812e-7759-4b55-9d54-cbf4dadcff61,martyr.tips,available,15,,high,low,6,unstoppable,,,29/09/2026 13:23
9018726a-cf2e-4e52-9677-6da500cd06e1,wabash.tips,available,15.99,30.99,medium,low,6,namesilo,,,28/09/2026 03:15
c10d01cd-77ed-4597-bc93-390679cbe747,thurston.tips,available,11.59,25.04,medium,low,8,spaceship,,,28/09/2026 04:06
79115b65-1694-4e8e-867e-ee00efb620b3,blaming.tips,available,11.59,25.04,medium,low,7,spaceship,,,28/09/2026 18:00
5566c434-2587-400c-8e15-97ab5c3408bd,diaries.tips,available,11.59,25.04,medium,low,7,spaceship,,,30/09/2026 16:07
a4151f84-7374-4acf-9690-3dd5feb00a77,hind.tips,available,12.98,42.48,medium,low,4,namecheap,,,21/08/2026 09:26
69090b65-5aab-4a84-8d26-78cddd031a36,stanford.tips,available,11.59,25.04,high,low,8,spaceship,,,28/09/2026 06:08
2891505b-d738-4bd2-a03d-f10e9acc3363,bonkers.tips,available,12.98,42.48,medium,low,7,namecheap,,,06/08/2026 20:40
588960a9-c890-497e-9b16-9fd963889e17,offenbach.tips,available,15.99,30.99,high,low,9,namesilo,,,02/10/2026 05:26
9eaa0095-6d63-4b97-a21f-f2a8270c9920,superstar.tips,available,12.98,42.48,high,low,9,namecheap,,,02/10/2026 01:58
71b1c505-bec9-4d9a-9f19-f1dafb680782,auspices.tips,available,12.98,42.48,medium,low,8,namecheap,,,17/09/2026 12:16
780f6c62-b0b8-4423-ac2a-a900a745a087,hanger.tips,available,8.24,25.23,medium,low,6,porkbun,,,29/09/2026 22:02
0e53023f-9331-4078-b406-4e26938aac5e,picker.tips,available,15.99,30.99,medium,low,6,namesilo,,,24/09/2026 14:45
e004e946-854d-49d7-8abd-48f2ffeda0ad,asses.tips,available,8.24,25.9,low,low,5,dynadot,,,30/09/2026 15:16
0f0dad4a-3039-436a-bed1-14ec2d61bd37,sandfish.tips,available,12.98,42.48,medium,low,8,namecheap,,,22/09/2026 19:42
1a51b648-18fa-4e50-b0b5-ce34948816af,lipstick.tips,available,8.24,25.9,high,low,8,dynadot,,,02/10/2026 05:27
47d34b0f-fae7-49b5-8bf3-ad3d0afcae73,macclesfield.tips,available,8.24,25.23,medium,low,12,porkbun,,,02/10/2026 10:21
760da8f3-5062-4a11-95e7-7b7c85fdcf06,noose.tips,available,8.24,25.9,medium,low,5,dynadot,,,03/10/2026 01:41
afa0619b-1711-43a8-964d-cbe00c7f33b3,audacity.tips,available,15.99,30.99,high,low,8,namesilo,,,21/09/2026 02:47
3cefdab2-e3b5-4d25-b37e-6d64cabe2607,tibet.tips,available,11.59,25.04,high,low,5,spaceship,,,28/09/2026 20:29
c34fd3cf-d340-46e4-a407-0eb3557d5b52,squawky.tips,available,12.98,42.48,low,low,7,namecheap,,,11/08/2026 12:26
2d41671e-9b72-4372-852d-cbd7aa0b0c01,centroidal.tips,available,12.98,42.48,medium,low,10,namecheap,,,12/08/2026 00:18
e841a1d8-db8f-4082-b2a5-04be0b51eb63,hideous.tips,available,12.98,42.48,medium,low,7,namecheap,,,21/08/2026 08:13
9a1765bb-fa40-4366-9205-13c8f02aca37,hoary.tips,available,12.98,42.48,medium,low,5,namecheap,,,20/08/2026 19:20
dae4d18c-ca38-41f8-95ce-69fa05f07c4f,leaden.tips,available,12.98,42.48,medium,low,6,namecheap,,,22/08/2026 21:44
c7f2d941-d97d-4a11-9a91-5ae72cadb070,annul.tips,available,12.98,42.48,medium,low,5,namecheap,,,13/09/2026 06:39
b0d840ce-6b61-4272-99fd-11230a97ce2d,newfangled.tips,available,12.98,42.48,medium,low,10,namecheap,,,03/09/2026 16:46
50caada9-9bd2-4856-9d26-ed776794d3bb,bassinet.tips,available,15.99,30.99,medium,low,8,namesilo,,,22/09/2026 12:23
2280f3ec-636b-4f31-a862-56e0cfd54c51,scag.tips,available,15.99,30.99,medium,low,4,namesilo,,,23/09/2026 14:40
9f642b12-2a58-4646-9f25-eacbda9cdc61,seated.tips,available,11.59,25.04,high,low,6,spaceship,,,27/09/2026 19:11
7f016e04-b959-464e-a3ba-83e7d3735d76,yoo.tips,available,8.24,25.23,high,low,3,porkbun,,,30/09/2026 03:49
9e886d91-144b-4ff3-8d4c-39e5e9a44467,wicker.tips,available,15.99,30.99,medium,low,6,namesilo,,,02/10/2026 14:32
463b05a6-c18a-434c-b8b2-2896e6c1bb66,joel.tips,available,15.99,30.99,high,low,4,namesilo,,,24/09/2026 06:55
51db9661-75db-4f16-9881-504edc01f325,endergonic.tips,available,12.98,42.48,medium,low,10,namecheap,,,17/08/2026 00:55
7bedb8bf-8511-4c0c-be17-1f2b0f014fc8,arariba.tips,available,12.98,42.48,medium,low,7,namecheap,,,20/09/2026 00:13
6f55b218-7391-4de5-9a7e-42a3a99ce5b4,planned.tips,available,15.99,30.99,high,low,7,namesilo,,,21/09/2026 22:06
f15be826-2715-4d64-b1aa-b0390a6fcfe0,underarm.tips,available,12.98,42.48,medium,low,8,namecheap,,,12/09/2026 07:21
cffffeaf-1bd9-43ae-91e5-4b6b7a0855a4,indoaryan.tips,available,12.98,42.48,medium,low,10,namecheap,,,06/08/2026 23:56
40970283-8745-4122-bb13-2508a6ca9eba,rhymes.tips,available,15.99,30.99,medium,low,6,namesilo,,,29/09/2026 05:42
77442994-4755-42f3-8756-f12498f8e3af,receipt.tips,available,11.59,25.04,high,low,7,spaceship,,,30/09/2026 09:15
a0086926-0c46-459b-9f72-3dbd1e07d1fb,heroism.tips,available,24.2,24.2,high,low,7,cloudflare,,,29/09/2026 18:59
d34843a9-9336-4c06-8dd2-7d4951a4e85d,unveiled.tips,available,12.98,42.48,high,low,8,namecheap,,,12/09/2026 22:05
e56aa4bc-33d8-4880-bf64-894f3bd56327,speeding.tips,available,15.99,30.99,high,low,8,namesilo,,,25/09/2026 06:47
b2d5cdd6-52cb-4b1c-8609-57a5bbbd2848,chary.tips,available,12.98,42.48,medium,low,5,namecheap,,,12/08/2026 02:59
c7e3beb9-41b5-459d-aceb-71267790f0da,arbor.tips,available,15.99,30.99,high,low,5,namesilo,,,20/09/2026 00:48
c10dd3dc-abd1-41a4-abc7-af15d1944405,cantaloupe.tips,available,12.98,42.48,high,low,10,namecheap,,,24/09/2026 12:07
6bcb129b-a326-4b4e-8ce9-c7afcf3b3186,serrated.tips,available,12.98,42.48,medium,low,8,namecheap,,,03/09/2026 22:08
ded27887-4c71-4909-9842-e4159c546f46,liquified.tips,available,12.98,42.48,medium,low,9,namecheap,,,23/08/2026 22:47
810ad152-ce5b-4f33-b05e-4c1bdee1bc0a,unemployed.tips,available,12.98,42.48,medium,low,10,namecheap,,,28/09/2026 09:51
9e0c833d-4991-4b14-ac7c-4c8993f87e01,deeply.tips,available,12.98,42.48,medium,low,6,namecheap,,,13/08/2026 22:30
e3563a20-cf82-4469-8546-001c15ebd873,dreamless.tips,available,12.98,42.48,medium,low,9,namecheap,,,14/08/2026 18:43
4c3c169c-fd11-4b5f-8e5d-b1e4b099313a,engages.tips,available,12.98,42.48,medium,low,7,namecheap,,,02/10/2026 22:45
1b0ab337-9752-4579-97ac-11ce31d5cd98,nashville.tips,available,11.59,25.04,high,low,9,spaceship,,,29/09/2026 07:04
0f7195fc-d05f-42c7-88ba-4caadcc8d550,antioxidant.tips,available,11.59,25.04,high,low,11,spaceship,,,01/10/2026 08:00
4d1a76bd-be0e-4012-bbb3-e2a33806e3f5,resembles.tips,available,15,,medium,low,9,unstoppable,,,30/09/2026 07:07
fb939f66-0d19-4d9f-8d18-2cd73a61d39a,romp.tips,available,12.98,42.48,high,low,4,namecheap,,,09/09/2026 19:26
ab66b171-cd18-4bec-856d-de480828f495,arabist.tips,available,15.99,30.99,medium,low,7,namesilo,,,19/09/2026 23:35
d919f559-2a12-45a6-a60e-5d615a6467d5,avondale.tips,available,15,,medium,low,8,unstoppable,,,30/09/2026 21:47
ba261a54-fd06-4581-9942-9f2d8ef68420,flattered.tips,available,11.59,25.04,high,low,9,spaceship,,,29/09/2026 14:41
5bdb95c5-af2e-4df6-9ada-2b97478a0d43,scoops.tips,available,15.99,30.99,medium,low,6,namesilo,,,20/09/2026 12:19
2c64da7a-714e-4b44-8ba6-9615091f195e,diplomat.tips,available,12.98,42.48,high,low,8,namecheap,,,29/09/2026 15:06
86199cfe-2560-4e9e-9f51-855ecdf9e6bc,giovanni.tips,available,15.99,30.99,high,low,8,namesilo,,,25/09/2026 14:42
012694c5-ecc5-439e-a401-b6b6ee87cc7b,derive.tips,available,15,,high,low,6,unstoppable,,,29/09/2026 20:28
c3c60117-df27-461d-afb4-a50850594960,recorders.tips,available,11.59,25.04,medium,low,9,spaceship,,,02/10/2026 14:01
e9b43612-5313-418c-ba44-c32d1c2ab0b8,ladder.tips,available,15.99,30.99,high,low,6,namesilo,,,30/09/2026 01:55
ef67b711-5e2f-4924-b6f4-3d9f8b8db67d,fabled.tips,available,12.98,42.48,high,low,6,namecheap,,,17/08/2026 20:12
aec957fc-84d9-4645-86a8-592e587cdf4e,menominee.tips,available,12.98,42.48,high,low,9,namecheap,,,30/09/2026 10:33
ca46762e-51e6-4e49-b1ff-f08adaf592ba,sda.tips,available,24.2,24.2,high,low,3,cloudflare,,,02/10/2026 19:40
e0f76907-ccd3-465e-bcab-3ede9b780c6a,encouragement.tips,available,15.99,30.99,medium,low,13,namesilo,,,28/09/2026 22:35
75783905-e5c2-4024-8bf7-6d4e9faa5b38,coexisting.tips,available,12.98,42.48,medium,low,10,namecheap,,,12/08/2026 15:32
5b04d376-f5f1-4c2a-8cce-800d6fe05e87,recumbent.tips,available,12.98,42.48,medium,low,9,namecheap,,,
ed5661c4-7411-460d-8c7b-73b77b4bc814,ovarian.tips,available,12.98,42.48,medium,low,7,namecheap,,,04/09/2026 19:55
29de85f1-813d-4341-9a3e-d76328667c85,dominion.tips,available,15.99,30.99,high,low,8,namesilo,,,24/09/2026 23:09
910f53ef-c615-4ead-a0b3-10f537add4b7,fab.tips,premium,41.25,41.25,high,low,3,name.com,,,17/08/2026 20:08
b6b0d0ff-4e20-494d-ae31-47af78e3cf95,bucks.tips,available,15.99,30.99,high,low,5,namesilo,,,25/09/2026 13:26
88d39117-5f60-4c66-967e-eab923ac750d,bogdan.tips,available,8.24,25.23,medium,low,6,porkbun,,,01/10/2026 23:51
03614d67-d46d-464e-90a4-3ab483d6659d,winslow.tips,available,11.59,25.04,medium,low,7,spaceship,,,30/09/2026 09:31
df736980-0d01-4d4f-aa00-99912a1f0c28,stockholder.tips,available,11.59,25.04,high,low,11,spaceship,,,02/10/2026 07:17
c25342c2-94ab-4904-876a-d4d0fac8949a,croak.tips,available,12.98,42.48,medium,low,5,namecheap,,,24/09/2026 19:33
72c4a0ab-cf8b-415c-a2ad-8c4bc5ae7fd9,derrida.tips,available,24.2,24.2,medium,low,7,cloudflare,,,29/09/2026 18:37
ffcdb533-ee24-40a5-8a88-d2baa9d8201b,shoot.tips,available,15,30.99,high,low,5,unstoppable,,,01/10/2026 20:21
5aef2b4c-e703-4cfa-ace1-5fc46083bf24,specimen.tips,available,15.99,30.99,high,low,8,namesilo,,,28/09/2026 03:06
d44bb53f-0594-42bb-835a-3b9dcb392063,detest.tips,available,24.2,24.2,medium,low,6,cloudflare,,,29/09/2026 22:18
ab85a958-be66-47ae-8b8f-920e27faccfd,schizoid.tips,available,12.98,42.48,medium,low,8,namecheap,,,09/09/2026 23:09
63b13e97-8377-4284-a5db-edeef7da039c,blogger.tips,premium,34.36,34.36,high,high,7,spaceship,,,29/09/2026 17:59
9447c74d-1bdf-44df-8b88-b0d96fcfe077,muggy.tips,available,12.98,42.48,medium,low,5,namecheap,,,03/09/2026 10:31
dc1623d8-b5f7-45dc-95b8-1e3064acd339,optative.tips,available,12.98,42.48,medium,low,8,namecheap,,,04/09/2026 16:54
68cfe799-3240-4798-8fdf-f3c4a217c99b,beechwood.tips,available,15.99,30.99,medium,low,9,namesilo,,,23/09/2026 00:14
c0678c0d-717d-4f06-953a-5e3097787ade,lecture.tips,available,15.99,30.99,high,low,7,namesilo,,,30/09/2026 02:40
abb85fc2-0617-439b-840a-2b04be8fc1b6,scholars.tips,available,15.99,30.99,high,low,8,namesilo,,,30/09/2026 15:27
b14a70d3-d774-4b99-b314-568a02c5ac4d,immaculate.tips,available,12.98,42.48,high,low,10,namecheap,,,18/08/2026 00:07
8d021825-9ae7-4a3f-b03e-4e188c8f117f,plate.tips,available,15.99,30.99,high,low,5,namesilo,,,29/09/2026 10:15
7a89923b-b45d-4bae-829f-021931047b43,dimensionless.tips,available,15,,medium,low,13,unstoppable,,,02/10/2026 01:27
a46fd42f-7213-4303-9e0c-943a184bdaab,calgary.tips,available,15.99,30.99,high,low,7,namesilo,,,24/09/2026 11:43
049e1e6c-b978-45c5-89bf-97a42e135ae8,snag.tips,available,24.2,24.2,high,low,4,cloudflare,,,02/10/2026 06:18
8e30982b-5bcf-4b1e-8c74-85dbcd70bac1,ans.tips,available,15.99,30.99,high,low,3,namesilo,,,19/09/2026 12:01
7a5fd1de-1d0b-4be8-b081-4918dfadebf5,usual.tips,available,15.99,30.99,high,low,5,namesilo,,,28/09/2026 10:03
2ee78603-c85d-4b3f-98a2-ff0bd0623e2b,appoint.tips,available,15.99,30.99,high,low,7,namesilo,,,30/09/2026 15:13
ecc33f38-cb40-4c60-b8c1-0002f282a236,tardy.tips,available,12.98,42.48,medium,low,5,namecheap,,,09/08/2026 12:42
0b12130f-82a0-4012-90ff-131134aed07e,rebecca.tips,available,15.99,30.99,high,low,7,namesilo,,,25/09/2026 10:16
77758187-3d10-49b4-8711-825f07d4c74c,dressed.tips,available,15.99,30.99,high,low,7,namesilo,,,22/09/2026 07:16
876b7ed3-0b47-4bfb-bdc2-296d3de7fb23,mournful.tips,available,12.98,42.48,medium,low,8,namecheap,,,14/08/2026 15:16
cd99f20e-c0db-4d0e-b5ee-931bb096d65b,martini.tips,available,24.2,24.2,high,low,7,cloudflare,,,28/09/2026 14:50
978e2f5b-e910-437e-bd34-f77468b58a16,nonsocial.tips,available,12.98,42.48,medium,low,9,namecheap,,,03/09/2026 19:18
6e966fc2-de90-47c1-bd07-e381f91a5ab6,couple.tips,available,8.24,25.9,high,low,6,dynadot,,,29/09/2026 11:48
8cd29a62-59ea-4661-9123-4a5d64a287ce,least.tips,available,15.99,30.99,high,low,5,namesilo,,,25/09/2026 13:24
a14637c5-63dd-4ad8-a5e6-b725997afedd,nestor.tips,available,11.59,25.04,high,low,6,spaceship,,,02/10/2026 15:29
e9e8c1fb-0f33-4168-9c81-da339aa4c4d4,insatiable.tips,available,12.98,42.48,medium,low,10,namecheap,,,22/08/2026 06:33
6e77862a-3cea-48d7-aea4-1e3dd4bb13de,jacques.tips,available,15.99,30.99,high,low,7,namesilo,,,25/09/2026 13:47
1c9438e3-da6b-45d9-be4a-938c9ecdac41,esthesis.tips,available,15.99,30.99,low,low,8,namesilo,,,17/09/2026 13:28
fa70918e-4982-4a30-aa7e-042df6cfa304,gita.tips,available,15.99,30.99,medium,low,4,namesilo,,,23/09/2026 12:33
eb6fa47b-96bc-443c-8539-02290f59bcd0,kisses.tips,available,15.99,30.99,medium,low,6,namesilo,,,28/09/2026 04:53
aeea9f8b-4111-460b-8915-c0576c0eaa1f,opencut.tips,available,12.98,42.48,medium,low,7,namecheap,,,04/09/2026 16:10
79f4ccdc-28f2-4b11-8185-4937bdf35708,orad.tips,available,12.98,42.48,medium,low,4,namecheap,,,15/09/2026 18:09
22c4bfcf-0a66-4c3d-a4a6-e733aeafab2b,semirigid.tips,available,12.98,42.48,medium,low,9,namecheap,,,10/09/2026 03:19
b1dfc812-77b3-45d4-9e63-ce1136111a65,azygous.tips,available,12.98,42.48,medium,low,7,namecheap,,,08/08/2026 03:27
debddbbb-5096-44fd-bd01-710cd70458e7,mile.tips,available,24.2,24.2,high,low,4,cloudflare,,,28/09/2026 18:43
2411b034-d8de-4c3b-9b18-24c874764dc7,basilica.tips,available,15.99,30.99,medium,low,8,namesilo,,,22/09/2026 10:49
0b944866-0a37-49cd-8faf-b164bf231888,alkali.tips,available,15.99,30.99,high,low,6,namesilo,,,18/09/2026 08:16
3df13f52-be44-4d8d-8f75-8a51284d021e,wired.tips,available,15.99,30.99,high,low,5,namesilo,,,27/09/2026 08:11
a39baeec-96d8-4d24-ad9f-b5b307d06e2a,eyry.tips,available,12.98,42.48,high,low,4,namecheap,,,
d4366008-f61a-4fdb-9d92-725d02d3c3a4,oleg.tips,available,11.59,25.04,high,low,4,spaceship,,,29/09/2026 17:51
84f656da-a747-43a9-bbe5-9955f2d85f5f,truman.tips,available,8.24,25.23,medium,low,6,porkbun,,,28/09/2026 10:00
4ab87aca-8973-478e-9898-8149f12df839,ips.tips,premium,85.8,85.8,high,low,3,namecheap,,,29/09/2026 03:50
8168c562-c22a-4c7f-8b1d-ad85c6bfbb32,atlantic.tips,available,12.98,42.48,high,low,8,namecheap,,,07/08/2026 13:38
52e36343-d6b2-4e3b-9f5a-4d874411fa0b,grimy.tips,available,12.98,42.48,medium,low,5,namecheap,,,09/08/2026 09:25
bd00be8c-5dba-4bb2-b563-0264644cad25,magnets.tips,available,24.2,24.2,medium,low,7,cloudflare,,,02/10/2026 14:00
6364c92f-57ff-4e16-8c40-3fb59b979b76,mum.tips,available,15.99,30.99,high,low,3,namesilo,,,25/09/2026 22:08
a06ab934-ebf4-46d8-a4f9-08af587d1db1,valueless.tips,available,12.98,42.48,medium,low,9,namecheap,,,13/09/2026 01:01
8694b1dc-408d-44bf-a3ac-a3febf507002,palliative.tips,available,12.98,42.48,high,low,10,namecheap,,,
f538c0d5-2221-4e8d-b433-982e88096f35,desire.tips,available,12.98,42.48,high,low,6,namecheap,,,19/09/2026 18:10
48b41cb1-c3a2-4a3b-aa22-646d5cb6d5d1,planless.tips,available,12.98,42.48,medium,low,8,namecheap,,,
97a12bfe-e1a5-4ddf-a1ce-a260c7d23958,angulate.tips,available,12.98,42.48,medium,low,8,namecheap,,,
50022b65-ed61-48fd-aee8-1a962e8088d9,raccoon.tips,available,11.59,25.04,high,low,7,spaceship,,,30/09/2026 09:06
042cd92e-49f6-490c-a287-94c9f821d175,piglet.tips,available,15.99,30.99,high,low,6,namesilo,,,19/09/2026 22:30
f849aea7-fd73-428b-93e1-49cff6b209af,mademoiselle.tips,available,15,,high,low,12,unstoppable,,,30/09/2026 19:38
32206626-d29a-4bdb-8a11-c8270de01ac7,imbalance.tips,available,15.99,30.99,medium,low,9,namesilo,,,20/09/2026 18:40
c857d54e-3747-47c6-9e21-356c569c3f63,plodding.tips,available,12.98,42.48,medium,low,8,namecheap,,,08/09/2026 21:17
9a66f236-1c15-4109-863f-8c54a2403dfd,machinist.tips,available,15.99,30.99,high,low,9,namesilo,,,19/09/2026 17:14
3a7ab34d-1f05-4ae0-b86b-d8bf941e89ce,motorist.tips,available,15.99,30.99,high,low,8,namesilo,,,21/09/2026 07:26
d81e3e69-71d5-4217-95c5-b5cea493169a,waldorf.tips,available,11.59,25.04,high,low,7,spaceship,,,03/10/2026 03:27
854f6fcd-def5-4074-bf06-b33d146e249e,borne.tips,available,14.99,,medium,low,5,name.com,,,
d364d1a8-2a4b-4cec-a4f2-13b23a437035,peninsula.tips,available,11.59,25.04,high,low,9,spaceship,,,30/09/2026 06:35
104ccde3-954b-4460-9763-c5eac1130dad,patrolling.tips,available,15.99,30.99,high,low,10,namesilo,,,02/10/2026 07:25
925fac58-c333-412d-bb99-300159605800,deserved.tips,available,12.98,42.48,high,low,8,namecheap,,,14/08/2026 03:27
6c8bd0ed-318c-48c9-a9c5-130a8b6db8f5,fatalist.tips,available,12.98,42.48,medium,low,8,namecheap,,,17/08/2026 23:29
a8d9590f-94d2-41b4-9666-1c8fe00c09cb,fourteen.tips,available,15.99,30.99,high,low,8,namesilo,,,21/09/2026 11:38
87344346-3471-455e-99ff-9af127c3cd2d,corsica.tips,available,15,,medium,low,7,unstoppable,,,28/09/2026 13:46
e3d6c53c-6adc-4737-8240-1b2674de71f4,smash.tips,available,15.99,30.99,high,low,5,namesilo,,,22/09/2026 17:11
c00e238c-f13e-4a6a-b432-3be625e38fc7,robustly.tips,available,12.98,42.48,medium,low,8,namecheap,,,15/09/2026 23:57
50e8fcd5-2a08-4e55-a8b6-0b57a022e93c,allotted.tips,available,12.98,42.48,high,low,8,namecheap,,,
35c112dd-9a8a-4490-9f59-0d448c8da6e0,stannic.tips,available,12.98,42.48,low,low,7,namecheap,,,10/09/2026 18:41
d3ab7d05-f93a-4cb1-be18-0eb9d78a2c2d,gifts.tips,premium,512,512,medium,low,5,namesilo,,,25/09/2026 17:25
4ef9081c-5482-486b-ab08-2bfe1587a6a3,poisoning.tips,available,24.2,24.2,medium,low,9,cloudflare,,,30/09/2026 00:17
6f6ff352-5afd-43d9-b333-faadafbcfe51,lamplit.tips,available,12.98,42.48,medium,low,7,namecheap,,,22/08/2026 19:11
b1969366-ea7c-4d28-b23f-d92bc0f646d3,decoration.tips,available,11.59,25.04,high,low,10,spaceship,,,28/09/2026 18:55
21a5f469-e6ca-46f5-8529-a397614e7de8,lunenburg.tips,available,11.59,25.04,medium,low,9,spaceship,,,03/10/2026 05:53
d50af77e-c837-4e3d-bd97-1b9cd55d9ef4,rushy.tips,available,12.98,42.48,medium,low,5,namecheap,,,09/09/2026 20:04
ce684bae-73f8-40e3-a081-74d9b2c43438,equipped.tips,available,15.99,30.99,high,low,8,namesilo,,,24/09/2026 14:45
c5c2c8eb-c1db-4edb-af48-10cb22d1d6d5,scary.tips,available,12.98,42.48,high,low,5,namecheap,,,12/08/2026 05:23
24c686a0-6603-4577-9c61-fee62c11c213,kitty.tips,available,15.99,30.99,high,low,5,namesilo,,,25/09/2026 23:15
69ff54fb-74b4-4599-8f97-9da601e87b9d,raptor.tips,available,12.98,42.48,high,low,6,namecheap,,,23/09/2026 20:17
429e7aa5-af48-4eaa-8bbe-655a5f0a525c,moses.tips,available,15.99,30.99,high,low,5,namesilo,,,19/09/2026 10:00
969b68ee-2968-44d1-9cde-485e230030c3,ransom.tips,available,15.99,30.99,medium,low,6,namesilo,,,27/09/2026 05:07
1b5433ff-cd27-4d59-a645-97e9cac1dab1,immunity.tips,available,11.59,25.04,high,low,8,spaceship,,,28/09/2026 14:20
0f2d839d-a397-4ee7-8962-f595e9fedf5f,twp.tips,available,15.99,30.99,medium,low,3,namesilo,,,02/10/2026 17:44
c0f94054-d2f6-4f96-9c8d-9e7c12ff0fab,tonal.tips,available,12.98,42.48,high,low,5,namecheap,,,11/09/2026 16:59
589c1897-340d-4488-bde7-ee50cfae08cb,globalization.tips,available,11.59,25.04,medium,low,13,spaceship,,,01/10/2026 13:13
40d30dff-2d85-4fee-a8a5-4831a0d6890e,troop.tips,available,24.2,24.2,high,low,5,cloudflare,,,28/09/2026 02:58
cd40a0ef-37b0-438b-b692-3aa4b884a0bc,mtr.tips,available,12.98,42.48,high,low,3,namecheap,,,01/10/2026 23:54
f826c75b-e1b9-4a74-a131-e9ba3a1f1fd8,biosphere.tips,available,14.99,39.99,high,low,9,name.com,,,23/09/2026 19:04
7d7a995a-555e-4a0a-ba5d-8c2e61e6a6dd,bagel.tips,available,8.24,25.9,high,low,5,dynadot,,,29/09/2026 00:27
ce93837b-ac0a-4512-b4fb-78780efab21c,ltd.tips,premium,512,512,high,low,3,namesilo,,,25/09/2026 11:58
6c54501c-cc19-401b-a1e6-4006de2df366,brisbane.tips,available,15,,high,low,8,unstoppable,,,01/10/2026 01:13
15ae7144-3e77-43b2-8253-4417ba06f2bc,aeonium.tips,available,15.99,30.99,medium,low,7,namesilo,,,17/09/2026 12:40
4c4cfed5-8c7c-44a4-ba7d-7f844b7b7e8c,ble.tips,available,15.99,30.99,medium,low,3,namesilo,,,03/10/2026 05:42
6d46c6a6-5c1b-40dd-a38e-0ed710895618,warmer.tips,available,15.99,30.99,high,low,6,namesilo,,,28/09/2026 05:58
cd86d65f-40bf-418e-ac99-cf677b125a3c,aymara.tips,available,12.98,42.48,high,low,6,namecheap,,,02/10/2026 19:17
d00d0484-9fb9-463b-9c34-b724b977c135,genetically.tips,available,8.24,25.9,medium,low,11,dynadot,,,28/09/2026 21:22
963e3fce-95b9-4166-a353-e6f85e1b9f78,isles.tips,available,15.99,30.99,medium,low,5,namesilo,,,20/09/2026 01:00
fa1f271a-fd21-4c7b-b87a-117b61df921f,proportion.tips,available,15.99,30.99,high,low,10,namesilo,,,30/09/2026 07:43
3c318d69-d488-4677-8615-2db3cdfe57bd,shiloh.tips,available,15.99,30.99,medium,low,6,namesilo,,,22/09/2026 15:39
0073a05e-7cf2-4b27-b73c-5979c9e2bcca,crusade.tips,available,15.99,30.99,medium,low,7,namesilo,,,28/09/2026 09:29
cdd1f7bd-9784-4e6c-9f67-2bc0de9965e5,brute.tips,available,12.98,42.48,high,low,5,namecheap,,,
bfe57dac-af5f-4ba4-b95d-213c9f982ee0,triassic.tips,available,12.98,42.48,medium,low,8,namecheap,,,11/09/2026 19:21
c0da705e-1d77-46ab-b021-ec6fdf6df297,clearance.tips,available,12.98,42.48,high,low,9,namecheap,,,08/09/2026 08:11
a7d5b632-be55-4450-bbe0-21d3a7b4783d,cannon.tips,available,12.98,42.48,high,low,6,namecheap,,,24/09/2026 12:05
23060824-627a-439c-99b1-531d3612f199,spartacus.tips,available,15,,high,low,9,unstoppable,,,02/10/2026 13:55
f9d20e4e-05cc-4af7-b4f7-2469b2eead00,backer.tips,available,15.99,30.99,high,low,6,namesilo,,,21/09/2026 15:26
e5db1547-61b7-4515-b206-149c671c6460,guests.tips,available,15.99,30.99,medium,low,6,namesilo,,,25/09/2026 17:02
c7cb6d6d-ca36-4d29-904e-6c0b653d6fc1,foothills.tips,available,15.99,30.99,medium,low,9,namesilo,,,02/10/2026 02:25
6a820ed7-9465-4cee-8b8b-1fc52b370839,allegiant.tips,available,12.98,42.48,high,low,9,namecheap,,,
9637616d-899c-46ca-b066-82c6b29becf6,westover.tips,available,24.2,24.2,medium,low,8,cloudflare,,,02/10/2026 20:26
4a447d54-c2ee-4f48-abbb-dd71f2bf9674,apolitical.tips,available,12.98,42.48,medium,low,10,namecheap,,,06/08/2026 02:02
f76888c7-3421-4dca-922f-f4f40d2330ff,bruising.tips,available,12.98,42.48,medium,low,8,namecheap,,,11/08/2026 06:34
3aa4d251-a52c-428a-bc1b-e105be20d210,edson.tips,available,24.2,24.2,medium,low,5,cloudflare,,,30/09/2026 05:36
8d55caa7-a8bc-4c83-b988-d536aa95437a,plenteous.tips,available,12.98,42.48,medium,low,9,namecheap,,,08/09/2026 21:08
b233e3a4-b40a-43dc-86de-db9590bdfef7,venerable.tips,available,15.99,30.99,high,low,9,namesilo,,,27/09/2026 14:05
467949a8-64dc-4358-80ff-88a1749eb509,godard.tips,available,11.59,25.04,medium,low,6,spaceship,,,01/10/2026 19:49
f6cdc643-1662-4c5d-98a8-73b62efbfc3d,stylised.tips,available,12.98,42.48,medium,low,8,namecheap,,,12/08/2026 23:48
1b1eca0d-ee26-44df-89ac-584ea0f2f140,ambiance.tips,available,15.99,30.99,high,low,8,namesilo,,,18/09/2026 16:40
4fb2a6f1-c3c7-4099-b01b-899451f34e5c,adman.tips,available,15.99,30.99,medium,low,5,namesilo,,,17/09/2026 08:40
dc8e0a94-3d08-47a5-b33c-ecd21a0239cf,icbm.tips,available,11.59,25.04,medium,low,4,spaceship,,,30/09/2026 10:12
9332ece0-d6cf-4dcc-84a1-2ad742974d9b,explorers.tips,available,15.99,30.99,medium,low,9,namesilo,,,30/09/2026 07:27
b71f8bde-3255-4029-a4ee-b2aeacbe8126,genovese.tips,available,12.98,42.48,high,low,8,namecheap,,,18/08/2026 21:49
977c3eff-2a8d-427a-9a43-2eaf73a9254f,shining.tips,available,15.99,30.99,high,low,7,namesilo,,,23/09/2026 11:49
30fd50b5-7636-4750-b008-635d15eb1bba,troublous.tips,available,12.98,42.48,low,low,9,namecheap,,,11/09/2026 20:27
bde5143e-a5d2-415b-ba41-7cd08bc2cec5,westmoreland.tips,available,12.98,42.48,high,low,12,namecheap,,,28/09/2026 04:13
796c7478-e295-41ec-a2e6-2f43329cf7c3,oysters.tips,available,12.98,42.48,medium,low,7,namecheap,,,20/09/2026 03:31
dc4daa4a-3eb3-4a50-a5b2-230d28757e06,pommel.tips,available,15.99,30.99,medium,low,6,namesilo,,,23/09/2026 13:53
afe861cb-5f3f-40bc-8160-2be557f13383,accounted.tips,available,15.99,30.99,medium,low,9,namesilo,,,03/10/2026 01:24
6bac4e50-c498-49c8-99cb-dea42b0c1a76,wolves.tips,available,11.59,25.04,medium,low,6,spaceship,,,28/09/2026 04:21
42aa046a-759e-45bd-b0f3-f893caefc5b4,anguine.tips,available,12.98,42.48,low,low,7,namecheap,,,
321ac624-53d4-4b5d-b388-6f9ad61ff55e,floss.tips,available,15.99,30.99,high,low,5,namesilo,,,24/09/2026 21:54
e825e535-d96e-4387-9d34-bfcecdf76e88,commands.tips,available,15.99,30.99,medium,low,8,namesilo,,,28/09/2026 17:45
8f539b26-31be-46fb-9f50-3d3b24ef4db9,tumble.tips,available,8.24,25.23,high,low,6,porkbun,,,30/09/2026 19:03
1d751a38-e601-4e56-a309-f2ed87b6331e,naxos.tips,available,8.24,25.23,medium,low,5,porkbun,,,02/10/2026 20:04
86acc0c2-6d5c-490c-95d1-a4b0bdfc9e50,ballot.tips,available,15.99,30.99,high,low,6,namesilo,,,21/09/2026 23:15
f8edfcec-216e-40dd-aeb2-4f758904a61c,aeschylus.tips,available,15.99,30.99,medium,low,9,namesilo,,,17/09/2026 13:19
99b31a0c-d28f-46bd-a718-becc8bef1912,polar.tips,available,12.98,42.48,high,low,5,namecheap,,,18/08/2026 21:06
f10e436f-49f0-4cdf-9141-cc55418fc088,nobles.tips,available,24.2,24.2,medium,low,6,cloudflare,,,29/09/2026 15:05
5817f9d3-fbd1-4742-8701-4129dec98bdb,opposite.tips,available,15.99,30.99,high,low,8,namesilo,,,23/09/2026 22:35
6eeb3875-713d-45df-91ad-c60c8db5ee19,stonelike.tips,available,12.98,42.48,medium,low,9,namecheap,,,08/09/2026 18:26
dbddf3c1-99f8-4d57-a3b3-ce01f8bcb97e,scummy.tips,available,12.98,42.48,medium,low,6,namecheap,,,
5556a6ec-ddc0-4a76-810c-3e1c0647e8b7,rejecting.tips,available,11.59,25.04,low,low,9,spaceship,,,30/09/2026 00:04
bd84ecf2-0407-4022-b5f8-b7c849841227,gorilla.tips,available,15,,high,low,7,unstoppable,,,28/09/2026 14:20
c4ca4ab2-269f-4a07-a264-55269c591b9c,nubile.tips,available,12.98,42.48,medium,low,6,namecheap,,,24/08/2026 16:30
83eb46e0-8663-4244-bc77-59ecd3a7e61b,sorrow.tips,available,8.24,25.23,medium,low,6,porkbun,,,28/09/2026 06:39
ee051699-f8ff-41e6-b8cb-ccf2d0be48a3,anglophile.tips,available,15.99,30.99,medium,low,10,namesilo,,,19/09/2026 06:52
139d3e47-c282-46ca-b17f-02581659ac7d,andalusian.tips,available,12.98,42.48,high,low,10,namecheap,,,
a080692f-9b04-425c-b92d-4331c3e8381a,racers.tips,available,24.2,24.2,medium,low,6,cloudflare,,,01/10/2026 18:02
a7d4af58-cc7a-41bd-aeab-ee5c824b0cb3,athenian.tips,available,12.98,42.48,medium,low,8,namecheap,,,07/08/2026 13:08
c8156984-4f7a-447a-98af-ab96f4112025,spinous.tips,available,12.98,42.48,medium,low,7,namecheap,,,
f0b37a7a-1b6f-42f8-84cd-6c8ed3a62ec1,delible.tips,available,12.98,42.48,low,low,7,namecheap,,,14/08/2026 00:35
035271b7-3d72-4d4a-ba0e-e3e5483c80f5,density.tips,available,15.99,30.99,high,low,7,namesilo,,,29/09/2026 11:57
430db559-2528-4d65-835b-14bfed281eba,twister.tips,available,8.24,25.9,medium,low,7,dynadot,,,02/10/2026 04:32
8a2b654f-c50e-4f5b-bdd3-4339d918313d,pompous.tips,available,12.98,42.48,medium,low,7,namecheap,,,12/08/2026 00:37
073cebbc-38bf-4945-a442-ff968cc8da6c,ovate.tips,available,12.98,42.48,medium,low,5,namecheap,,,15/08/2026 18:03
5feaebf8-4478-4583-9f8b-784fdaccda7e,arenga.tips,available,15.99,30.99,medium,low,6,namesilo,,,20/09/2026 03:43
f40213dc-f998-4a9a-bb91-7918003280b2,sculptured.tips,available,12.98,42.48,high,low,10,namecheap,,,20/08/2026 18:52
7cf7a89d-aae1-4857-b53d-48265e8346b8,isd.tips,available,11.59,25.04,high,low,3,spaceship,,,30/09/2026 15:03
12ccaa78-33bf-4c1b-902b-efa02615c907,districts.tips,available,11.59,25.04,medium,low,9,spaceship,,,01/10/2026 16:30
e05a2d24-402f-447f-94a5-571eb8e90350,dakar.tips,available,24.2,24.2,high,low,5,cloudflare,,,29/09/2026 06:52
ca3b028a-67b7-4497-b0d3-ab56d2add459,barons.tips,available,24.2,24.2,medium,low,6,cloudflare,,,30/09/2026 13:35
b7ccf93b-df8c-42d6-956a-1c3bb01f620a,diluvian.tips,available,12.98,42.48,medium,low,8,namecheap,,,14/08/2026 07:51
1885066a-309e-46b4-99b5-57ef922428c7,affecting.tips,available,12.98,42.48,high,low,9,namecheap,,,
b16fcaaa-588b-4c39-b1e2-904f0cb4a796,toot.tips,available,15.99,30.99,high,low,4,namesilo,,,23/09/2026 01:30
83dd225a-cffd-46ab-8ad6-792db5ccc58d,addicted.tips,available,15.99,30.99,high,low,8,namesilo,,,21/09/2026 17:07
9e712381-0c4f-4395-ad2b-5e6a43474608,eos.tips,available,15,,high,low,3,unstoppable,,,29/09/2026 06:47
128cd257-c4e7-4b44-aa9b-9af04a68daf9,bends.tips,available,12.98,42.48,high,low,5,namecheap,,,23/09/2026 07:50
4089389b-d738-499d-a0e7-9bb667dbdec0,titus.tips,available,15.99,30.99,high,low,5,namesilo,,,25/09/2026 05:37
0ca2f209-e1b3-47e6-87a1-2d053d904ee9,sochi.tips,available,8.24,25.9,medium,low,5,dynadot,,,02/10/2026 09:31
71322338-3f06-4d73-80e0-6db599a6c3df,rein.tips,available,24.2,24.2,high,low,4,cloudflare,,,30/09/2026 09:27
455e1511-80e7-45e6-9539-35645ba73c56,baccharis.tips,available,15.99,30.99,medium,low,9,namesilo,,,21/09/2026 14:00
b902e381-cc44-4c81-b311-bb51ed5981ee,theresa.tips,available,15.99,30.99,high,low,7,namesilo,,,17/09/2026 18:43
77f067a6-45f2-4706-9bf1-75a769272027,day.tips,resell,,,high,low,3,"Spaceship, Inc.",08/08/2025 14:34,08/08/2027 14:34,28/09/2026 16:52
38a68501-ad3b-4319-b9c7-aa2202de7c2b,ticks.tips,available,15.99,30.99,medium,low,5,namesilo,,,02/10/2026 23:00
bb29c66b-c59c-4bf4-bc66-ee1075ec5f26,steadily.tips,available,12.98,42.48,medium,low,8,namecheap,,,10/09/2026 19:32
00e68be4-3718-4b75-88a3-b39ddaf484e2,liston.tips,available,11.59,25.04,medium,low,6,spaceship,,,02/10/2026 04:19
a388164a-694e-4666-86c0-84faba94f9a4,tracks.tips,available,15.99,30.99,high,low,6,namesilo,,,17/09/2026 16:05
b6e49e5e-e24b-41b1-afd5-f759bff63860,beetle.tips,available,12.98,42.48,high,low,6,namecheap,,,09/08/2026 08:17
9be4163b-e3b7-471a-aa28-ab68809bd45c,jar.tips,available,15.99,30.99,high,low,3,namesilo,,,30/09/2026 00:42
e2ec4260-1439-4cba-bc52-33c3b5425471,gaa.tips,available,15.99,30.99,high,low,3,namesilo,,,29/09/2026 08:40
344e5137-8939-4f5f-8b40-4b15680b6e1a,remembers.tips,available,24.2,24.2,medium,low,9,cloudflare,,,28/09/2026 00:17
524dde4f-7a1a-4049-b8e0-53db971f800b,neely.tips,available,15.99,30.99,medium,low,5,namesilo,,,30/09/2026 13:55
5df76f36-772d-4110-8842-49d7f63f6d15,harder.tips,available,12.98,42.48,medium,low,6,namecheap,,,26/09/2026 03:10
56a83f05-0b87-46d0-8200-ea1fbb403969,impudent.tips,available,12.98,42.48,medium,low,8,namecheap,,,18/08/2026 08:23
948a9f46-bed7-4dc5-b601-c3b3f514680b,drunkard.tips,available,12.98,42.48,medium,low,8,namecheap,,,14/08/2026 20:21
2fe5771d-b79b-4cc7-8d6f-f58c581f7b55,preventing.tips,available,11.59,25.04,medium,low,10,spaceship,,,30/09/2026 06:24
32172422-becf-4c2a-af0b-1ae1c7ba9069,succinct.tips,available,15.99,30.99,high,low,8,namesilo,,,23/09/2026 17:07
fef8b6b7-2561-4d94-a8c3-79dad57e5336,pyramid.tips,available,12.98,42.48,high,low,7,namecheap,,,08/09/2026 13:53
d9b8de3b-93d0-48dd-8897-ce00e54c817d,stupidly.tips,available,12.98,42.48,medium,low,8,namecheap,,,14/09/2026 13:43
f0e0b295-0532-42d5-ae47-ec755c7d51ac,maugham.tips,available,11.59,25.04,medium,low,7,spaceship,,,03/10/2026 01:35
c51e6cc1-5691-46d7-9939-5040a352b4d0,shepherds.tips,available,11.59,25.04,high,low,9,spaceship,,,02/10/2026 12:36
1504eef8-4b09-4cd0-aab7-f648029954d8,azactam.tips,available,15.99,30.99,medium,low,7,namesilo,,,21/09/2026 10:59
494a66b6-8aef-4356-b3c6-ca05e38c6a0b,deplorable.tips,available,12.98,42.48,medium,low,10,namecheap,,,12/08/2026 20:22
8546e15b-b78a-4497-9c87-4de842314f85,catkinate.tips,available,12.98,42.48,medium,low,9,namecheap,,,11/08/2026 22:09
18dbe6d5-2ff7-4d53-8d1a-dd73ade72771,contests.tips,available,15,,medium,low,8,unstoppable,,,30/09/2026 00:34
691c23b2-3642-4fdc-b7ce-1d495b18a5d4,gurley.tips,available,24.2,24.2,medium,low,6,cloudflare,,,02/10/2026 20:37
7a58c101-84ec-4b9e-b8b8-a4bc7fd4a5d9,fogy.tips,available,12.98,42.48,medium,low,4,namecheap,,,18/08/2026 13:08
d808a136-b77b-4deb-86de-0d11b86f0ed7,astm.tips,available,11.59,25.04,medium,low,4,spaceship,,,29/09/2026 15:16
627ee594-829c-4cd2-98fa-8c4622d71abd,flatulent.tips,available,12.98,42.48,medium,low,9,namecheap,,,12/08/2026 16:34
ab73311f-ad7d-4cb7-bd65-f56a2cf36df5,arti.tips,available,15.99,30.99,high,low,4,namesilo,,,02/10/2026 01:43
78d24838-bbeb-4807-859e-a2af4af838d3,transcend.tips,available,12.98,42.48,high,low,9,namecheap,,,11/09/2026 17:23
c89f05c1-9e60-41d4-9b5d-bd06f4002bb6,dealer.tips,available,15.99,30.99,high,low,6,namesilo,,,22/09/2026 05:35
29b0bfb3-88fb-4f36-88c9-43c649d8194c,mclaughlin.tips,available,12.98,42.48,medium,low,10,namecheap,,,27/09/2026 01:56
c67c8a72-13eb-40e7-bcd2-9a431a44a798,patel.tips,available,24.2,24.2,high,low,5,cloudflare,,,01/10/2026 07:42
e0390eab-8977-4f21-ac03-e40f420bbe36,viviparous.tips,available,12.98,42.48,medium,low,10,namecheap,,,24/08/2026 07:53
0f2d10b2-be49-40b7-a7a4-3ebda1eb8791,cashier.tips,available,15.99,30.99,high,low,7,namesilo,,,22/09/2026 02:24
b93b660a-8b32-408a-a741-c85d442e79e4,polymeric.tips,available,12.98,42.48,medium,low,9,namecheap,,,08/09/2026 23:25
2f3c7f3c-61fa-4a9e-8b66-2000f679fd00,rationing.tips,available,15,,high,low,9,unstoppable,,,01/10/2026 21:27
4bda2de9-effa-4883-ab02-d84a060a4f90,campestral.tips,available,12.98,42.48,medium,low,10,namecheap,,,11/08/2026 16:05
094bc323-7f25-4ee7-becc-4aadcac3b4be,dearie.tips,available,14.99,39.99,high,low,6,name.com,,,13/08/2026 18:19
b1e8e82f-2993-41f3-bc4c-358342d3d99e,deciphered.tips,available,12.98,42.48,high,low,10,namecheap,,,13/08/2026 21:34
79e3f0cb-adc7-44b6-b71b-f776ff06d9ea,unicameral.tips,available,12.98,42.48,medium,low,10,namecheap,,,12/09/2026 12:46
2469f506-73fb-4c7d-a300-00a6419dec95,hunk.tips,available,15.99,30.99,high,low,4,namesilo,,,02/10/2026 15:45
968027d8-653b-4806-a6d7-1f138cabbcc8,prettiest.tips,available,15.99,30.99,medium,low,9,namesilo,,,18/09/2026 03:32
75c6cbca-5200-40e0-b270-ab30d49336d3,assyrian.tips,available,15.99,30.99,high,low,8,namesilo,,,20/09/2026 16:49
29377537-0eb1-4501-a7c8-1b67f9c6fdba,banister.tips,available,15.99,30.99,medium,low,8,namesilo,,,22/09/2026 00:28
67b08395-d4cc-44c5-9011-03c75748bafa,contraction.tips,available,11.59,25.04,high,low,11,spaceship,,,29/09/2026 10:10
3eb05935-61d5-4e2e-a9ae-cc781b5ee0bf,fuzz.tips,available,15,,high,low,4,unstoppable,,,02/10/2026 23:37
83452996-7a24-47a9-8068-bf63095247cc,unlovable.tips,available,12.98,42.48,medium,low,9,namecheap,,,12/09/2026 15:08
f055a058-abf1-460a-afc9-1e951f1307f0,giddy.tips,available,12.98,42.48,medium,low,5,namecheap,,,
271ba533-2673-40a9-abdf-4fac06457073,stupefied.tips,available,14.99,39.99,medium,low,9,name.com,,,13/08/2026 18:55
3897c48a-5ebe-4245-b7dd-6e4ee97b7a32,historians.tips,available,15.99,30.99,medium,low,10,namesilo,,,02/10/2026 12:47
72b25889-b1f3-4a39-9d6b-963bc5fd8f0e,berber.tips,available,15.99,30.99,high,low,6,namesilo,,,23/09/2026 09:07
b3414e0d-dd27-4c66-b4f2-6f3fb22d822a,alvarado.tips,available,11.59,25.04,medium,low,8,spaceship,,,28/09/2026 16:06
ec6f76d5-a31e-4845-82d3-a2dfbb9c72fc,trajan.tips,available,15,,medium,low,6,unstoppable,,,30/09/2026 02:13
3592f4cf-6876-4b9d-813d-6efbd8bb901f,reward.tips,resell,,,high,low,6,"NameCheap, Inc.",05/07/2015 19:55,05/07/2027 19:55,26/09/2026 08:40
f7c3ccb1-ec4d-47b1-976b-bcf92f96a2c7,fizzle.tips,available,12.98,42.48,medium,low,6,namecheap,,,11/08/2026 11:19
df0e0f2c-a26b-4ef9-a6b5-fa863bdcd6d9,guarnieri.tips,available,15.99,30.99,medium,low,9,namesilo,,,19/09/2026 04:23
08c86ccf-5012-421c-b405-b7a1911dca15,swaps.tips,available,15.99,30.99,medium,low,5,namesilo,,,18/09/2026 22:39
9af2c050-9cbf-4e60-80d2-5565d5ba79ae,gatherings.tips,available,15,,low,low,10,unstoppable,,,01/10/2026 18:25
e3320f17-7d8e-4b18-b8bc-01c5f4909928,greenside.tips,available,12.98,42.48,medium,low,9,namecheap,,,20/08/2026 19:54
279eda66-bf7a-443d-bd35-f82b3e719255,know.tips,available,15,,high,low,4,unstoppable,,,29/09/2026 20:04
4c34444d-1060-42a2-bf74-71292b23fbcd,disinfection.tips,available,12.98,42.48,high,low,12,namecheap,,,17/09/2026 16:37
46ac65c1-1da7-4073-aefe-f5971b4e7016,deductive.tips,available,12.98,42.48,medium,low,9,namecheap,,,13/08/2026 22:29
09f316a0-7487-4872-898f-72ecd7e70461,prairie.tips,available,24.2,24.2,high,low,7,cloudflare,,,30/09/2026 07:12
6e159d23-dada-433b-9c52-9c8fb7150ab4,advisee.tips,available,12.98,42.48,high,low,7,namecheap,,,17/09/2026 11:34
03885958-f881-41d4-aeb4-8794aba13970,acicular.tips,available,12.98,42.48,medium,low,8,namecheap,,,
69874ba0-db04-4a2c-aa04-1ae94f02130a,apoidea.tips,available,12.98,42.48,medium,low,7,namecheap,,,19/09/2026 18:38
9d2cf1a9-90a6-478a-9a05-746a0444d85c,opaque.tips,available,12.98,42.48,high,low,6,namecheap,,,04/09/2026 15:47
e98f47ff-8905-4663-8587-e67143a15111,fit.tips,resell,,,high,medium,3,united-domains GmbH,26/02/2014 16:00,26/02/2027 16:00,26/09/2026 06:06
1784be6f-d364-4159-b5fd-71263ab87f2d,auditions.tips,available,15.99,30.99,medium,low,9,namesilo,,,30/09/2026 16:27
724fb40e-0c5d-40d9-8c75-384578d36c8d,sandford.tips,available,15,,medium,low,8,unstoppable,,,30/09/2026 13:50
0ca607d4-8163-4b26-8a7b-e0633485662b,blackwater.tips,available,12.98,42.48,medium,low,10,namecheap,,,24/09/2026 03:24
366aed9b-2fc2-4839-8d36-2447bd17bcff,poitiers.tips,available,15.99,30.99,medium,low,8,namesilo,,,22/09/2026 15:48
3ab5dc96-da54-45a3-a0a0-75b2635f7a05,topped.tips,available,12.98,42.48,medium,low,6,namecheap,,,11/09/2026 17:53
ce51fc01-3530-4197-9ae9-f9a4e85069d5,autosexing.tips,available,14.99,39.99,medium,low,10,name.com,,,21/09/2026 07:42
5f495a5d-9b12-4bba-9a03-dcc31b6cbc3d,bosky.tips,available,12.98,42.48,medium,low,5,namecheap,,,10/08/2026 20:17
e5759f5e-f528-4d2d-b3f3-97155bb820aa,kilobyte.tips,available,11.59,25.04,high,low,8,spaceship,,,30/09/2026 01:18
0cea2adc-37c9-4177-ac93-11a95e85f7e9,caviar.tips,available,8.24,25.23,high,low,6,porkbun,,,01/10/2026 18:55
31b149d0-b10f-498e-bc16-d5816716107c,orissa.tips,available,15,,medium,low,6,unstoppable,,,30/09/2026 18:16
3798854c-906f-43ba-9736-3059e6d58ebf,ideational.tips,available,12.98,42.48,medium,low,10,namecheap,,,12/08/2026 19:59
cd881620-8a54-4ed4-9bdc-8b052fac5393,cottony.tips,available,12.98,42.48,medium,low,7,namecheap,,,13/08/2026 03:26
3e9ba363-ff91-4789-a944-8d8c7f446401,lombard.tips,available,15.99,30.99,high,low,7,namesilo,,,02/10/2026 05:34
cc1ea0ad-4282-47a5-a19b-1715f9f0edd9,downscale.tips,available,12.98,42.48,medium,low,9,namecheap,,,14/08/2026 17:52
bea1c1b0-6df8-4941-ab0f-ed96ea656e63,untaped.tips,available,12.98,42.48,low,low,7,namecheap,,,12/09/2026 10:16
ea0efa90-65fa-4544-978d-ed2efa838db7,migrator.tips,available,12.98,42.48,medium,low,8,namecheap,,,24/08/2026 22:51
484fc51d-6d11-48e4-bb5f-afb6bdb91961,scooped.tips,available,12.98,42.48,medium,low,7,namecheap,,,17/09/2026 23:31
b40c01c6-3cbb-42aa-ad4c-470bb82eac96,selective.tips,available,12.98,42.48,high,low,9,namecheap,,,10/09/2026 01:58
b4956cba-d7f1-4de9-a2a8-8ec38e731913,nicolaus.tips,available,11.59,25.04,medium,low,8,spaceship,,,02/10/2026 10:17
8f996818-cce0-4e69-9523-61de516af483,corral.tips,available,11.59,25.04,medium,low,6,spaceship,,,02/10/2026 14:36
98c298d9-7ac8-43ab-9572-6e1a47235ebf,vividly.tips,available,15.99,30.99,high,low,7,namesilo,,,16/09/2026 11:06
aeed842a-33f2-432e-b365-3bcb06ebd064,alternating.tips,available,11.59,25.04,medium,low,11,spaceship,,,30/09/2026 05:54
bd726f25-f335-4c0f-b6ba-fef2760b11ad,occupations.tips,available,15.99,30.99,medium,low,11,namesilo,,,16/09/2026 10:00
c334dde3-15dd-466b-b0aa-2cba236e3308,runny.tips,available,12.98,42.48,medium,low,5,namecheap,,,09/09/2026 19:37
dfca534d-81d8-4de5-a660-274b385debb8,urbanized.tips,available,12.98,42.48,medium,low,9,namecheap,,,12/09/2026 23:29
90157e67-8024-4fd6-b73b-f4d60423123f,absent.tips,available,15.99,30.99,high,low,6,namesilo,,,21/09/2026 14:37
d97b5314-a290-42cd-89af-985334992d80,prudently.tips,available,12.98,42.48,medium,low,9,namecheap,,,15/09/2026 21:50
4c402e00-3cec-479c-b662-65467dc8cf06,safely.tips,available,12.98,42.48,high,low,6,namecheap,,,16/09/2026 00:26
3ce44b1c-6f78-4887-ba0b-21d739d16793,pluses.tips,available,15.99,30.99,medium,low,6,namesilo,,,21/09/2026 02:09
d830f623-1837-4834-8fcd-99e277b08fdf,luminous.tips,available,12.98,42.48,high,low,8,namecheap,,,
6a612e8e-3fcd-45a7-8663-04524fc0ebc1,saurian.tips,available,12.98,42.48,medium,low,7,namecheap,,,22/08/2026 17:55
3c35af2b-87fd-4340-be46-12fab867801d,blitt.tips,available,12.98,42.48,medium,low,5,namecheap,,,21/09/2026 14:13
10590ba3-4243-4728-b59a-d704a9fe352e,commissioners.tips,available,11.59,25.04,low,low,13,spaceship,,,02/10/2026 02:36
4732adad-ac09-406d-b868-026cd3e69c24,octavo.tips,available,15.99,30.99,medium,low,6,namesilo,,,16/09/2026 12:43
4b95f66b-8748-44ea-823b-1d1a45d71076,bifid.tips,available,12.98,42.48,medium,low,5,namecheap,,,09/08/2026 19:59
32d00e5c-f120-4f4b-aa31-c295a954cd5e,mentation.tips,available,12.98,42.48,medium,low,9,namecheap,,,11/09/2026 13:33
f4dc9aac-16e9-449d-bf82-56b911d9883a,steiner.tips,available,15.99,30.99,high,low,7,namesilo,,,25/09/2026 10:28
67d0a920-1cb0-47a5-a6f2-5f8c64a0648c,biweekly.tips,available,12.98,42.48,high,low,8,namecheap,,,10/08/2026 09:30
7fd48c87-7040-49e4-a4af-b5a560df46cc,yid.tips,available,14.99,39.99,medium,low,3,name.com,,,19/09/2026 16:18
d69f91f7-afe6-48c0-9686-08afdfb39a08,insipid.tips,available,12.98,42.48,medium,low,7,namecheap,,,10/08/2026 12:59
3d290699-f7c9-41f5-934c-b83bc3cc1d89,picking.tips,available,15.99,30.99,high,low,7,namesilo,,,25/09/2026 09:58
f21cd7e5-9389-4a9a-b3fd-9e3cdc61c2da,winking.tips,available,12.98,42.48,high,low,7,namecheap,,,10/08/2026 14:28
6d35fb09-b8c3-471d-b32a-755378254069,toothed.tips,available,12.98,42.48,medium,low,7,namecheap,,,17/08/2026 12:41
a10f8806-4a58-4629-b3a0-04e5cf2eaa33,confirms.tips,available,8.24,25.9,low,low,8,dynadot,,,29/09/2026 05:49
3e5b6c6d-977e-40a0-a3f3-67d57e5e0faf,dares.tips,available,15.99,30.99,medium,low,5,namesilo,,,02/10/2026 02:41
2c9455a2-16b3-4d00-9b9e-d138679fbae6,supermarket.tips,available,24.2,24.2,high,low,11,cloudflare,,,01/10/2026 05:02
ef920950-ee1d-4924-835e-2ff9d69eb38f,josie.tips,available,12.98,42.48,high,low,5,namecheap,,,29/09/2026 21:56
1bba5201-71f0-4276-885f-48953f57de5d,gallantly.tips,available,12.98,42.48,medium,low,9,namecheap,,,14/09/2026 06:45
e2c31a40-8a19-426d-8bc7-8ff07c2df597,gnarly.tips,available,12.98,42.48,medium,low,6,namecheap,,,20/08/2026 15:38
17208c5e-3f4d-4150-9d42-30eea506c6e9,hayek.tips,available,11.59,25.04,medium,low,5,spaceship,,,01/10/2026 02:14
558e43fc-b2ba-4328-b196-3ead37e57d95,joao.tips,available,15,,medium,low,4,unstoppable,,,02/10/2026 10:59
efdcde41-3212-46bd-96c8-1cd3a77e3334,escalator.tips,available,11.59,25.04,high,low,9,spaceship,,,02/10/2026 04:44
c18b7b7e-b6e8-48f8-9198-0a84e68eaab1,consecrate.tips,available,12.98,42.48,high,low,10,namecheap,,,12/08/2026 22:25
ed06980a-ad53-4f51-b313-1f87e5d67f7e,braddock.tips,available,15.99,30.99,medium,low,8,namesilo,,,29/09/2026 15:49
f66554d7-6b46-4cdb-afb4-5d0b27eb806d,unscalable.tips,available,12.98,42.48,medium,low,10,namecheap,,,12/09/2026 05:23
3df914dc-59eb-4e1c-94a5-acc133a638a9,counting.tips,available,12.98,42.48,high,low,8,namecheap,,,25/09/2026 04:26
0399f338-0d81-4a8a-8945-b582c73e7243,aramaic.tips,available,12.98,42.48,medium,low,7,namecheap,,,06/08/2026 12:13
c162e141-6c3b-4657-b59a-e64c5196f440,gaily.tips,available,12.98,42.48,medium,low,5,namecheap,,,14/09/2026 20:57
da928011-6d5d-4098-aa67-6bfec4441771,horrified.tips,available,12.98,42.48,medium,low,9,namecheap,,,21/08/2026 14:14
14a7b8ed-98f0-4ce7-b2a3-1b75d714a1c7,notwithstanding.tips,available,14.99,,medium,low,15,name.com,,,
1a8343e1-abfd-4d0b-b206-180aca4bbb3f,bhang.tips,available,15.99,30.99,medium,low,5,namesilo,,,23/09/2026 12:34
c3e07b7c-319e-42f4-874a-72656d7addbc,amble.tips,available,15.99,30.99,medium,low,5,namesilo,,,18/09/2026 16:54
26a465da-0783-4f33-a23b-b56cc021e4d9,squatting.tips,available,12.98,42.48,medium,low,9,namecheap,,,10/09/2026 17:35
b1478e22-76ff-4ce5-bb8f-cb3c0cc991c5,wick.tips,available,11.59,25.04,high,low,4,spaceship,,,29/09/2026 14:07
06f69b83-79c4-4db8-b3da-af8b48385699,bouncer.tips,available,15.99,30.99,high,low,7,namesilo,,,02/10/2026 23:40
f5e3b03b-1e10-4911-b7be-584ea6fba255,gauche.tips,available,12.98,42.48,medium,low,6,namecheap,,,18/08/2026 20:41
fea9c7bf-742d-4a33-addd-9af320bbd387,islington.tips,available,11.59,25.04,medium,low,9,spaceship,,,30/09/2026 04:50
bf3e4c68-2bec-40d6-ba15-c6c05c6b2251,kota.tips,available,15,,high,low,4,unstoppable,,,30/09/2026 02:06
a125ac78-0ce7-4dc5-b1be-0a3a9f48e9ca,bialy.tips,available,15.99,30.99,medium,low,5,namesilo,,,23/09/2026 12:41
5d4882f2-3657-40e7-baf6-0318032770b4,mobilized.tips,available,24.2,24.2,high,low,9,cloudflare,,,01/10/2026 23:11
75be5932-5205-4689-a6a3-7c388342d08d,usb.tips,available,11.59,25.04,high,low,3,spaceship,,,28/09/2026 03:21
7c6b53f5-3432-496c-b62f-43a729aea83c,recusant.tips,available,12.98,42.48,medium,low,8,namecheap,,,14/08/2026 12:28
cfda642a-4699-42d0-8430-aedc611b9b9a,ungummed.tips,available,12.98,42.48,low,low,8,namecheap,,,12/09/2026 11:43
15bdc449-6aaa-4e68-95aa-995ec5fe16fc,dusts.tips,available,15.99,30.99,low,low,5,namesilo,,,21/09/2026 01:44
fb81f2c1-25bf-47dc-a915-29d51dfd66f4,langmuir.tips,available,15.99,30.99,medium,low,8,namesilo,,,03/10/2026 01:20
ccf2ffab-b924-43bb-add0-e01bde9a4757,biscay.tips,available,15.99,30.99,medium,low,6,namesilo,,,30/09/2026 13:34
94ab97cf-bae2-4176-b0cc-fa60fee3749c,fueled.tips,available,12.98,42.48,medium,low,6,namecheap,,,18/08/2026 17:37
0541e16d-ca86-41ae-91ce-d569ee13f7a1,amer.tips,available,11.59,25.04,medium,low,4,spaceship,,,28/09/2026 17:41
413345fc-76c7-45e6-8e49-522db5c449b4,activator.tips,available,15.99,30.99,high,low,9,namesilo,,,17/09/2026 05:10
68a546b1-1b76-4421-8ad1-8baea7f17b5e,ruggles.tips,available,11.59,25.04,medium,low,7,spaceship,,,01/10/2026 10:32
d002b68f-080d-4a19-945e-c8508d1c1e54,orbitual.tips,available,12.98,42.48,medium,low,8,namecheap,,,04/09/2026 17:39
ba027fbf-b3a6-4623-8026-ac23cb34110e,divided.tips,available,12.98,42.48,medium,low,7,namecheap,,,14/08/2026 13:42
2cfcdcf2-b053-4e09-9ab0-1462745adc1b,southwark.tips,available,15.99,30.99,medium,low,9,namesilo,,,29/09/2026 09:21
bcbbc6b7-674e-4c26-86ad-01b2d9038a5d,inaudible.tips,available,12.98,42.48,medium,low,9,namecheap,,,22/08/2026 00:33